id,item,quantifier,value
R_psJ3KgDEl3wsnx7,I1,Everyone,64
R_psJ3KgDEl3wsnx7,I2,Everyone,24
R_psJ3KgDEl3wsnx7,I3,Everyone,21
R_psJ3KgDEl3wsnx7,I4,Everyone,30
R_psJ3KgDEl3wsnx7,I5,Everyone,78
R_psJ3KgDEl3wsnx7,I6,Everyone,18
R_psJ3KgDEl3wsnx7,I7,Some,17
R_psJ3KgDEl3wsnx7,I8,Some,88
R_psJ3KgDEl3wsnx7,I9,Some,37
R_psJ3KgDEl3wsnx7,I10,Some,68
R_psJ3KgDEl3wsnx7,I11,Some,59
R_psJ3KgDEl3wsnx7,I12,Some,60
R_psJ3KgDEl3wsnx7,I13,No,95
R_psJ3KgDEl3wsnx7,I14,No,88
R_psJ3KgDEl3wsnx7,I15,No,97
R_psJ3KgDEl3wsnx7,I16,No,72
R_psJ3KgDEl3wsnx7,I17,No,89
R_psJ3KgDEl3wsnx7,I18,No,66
R_1dsGadr8rUQxSIK,I1,Everyone,53
R_1dsGadr8rUQxSIK,I2,Everyone,48
R_1dsGadr8rUQxSIK,I3,Everyone,42
R_1dsGadr8rUQxSIK,I4,Everyone,86
R_1dsGadr8rUQxSIK,I5,Everyone,78
R_1dsGadr8rUQxSIK,I6,Everyone,16
R_1dsGadr8rUQxSIK,I7,Some,50
R_1dsGadr8rUQxSIK,I8,Some,88
R_1dsGadr8rUQxSIK,I9,Some,24
R_1dsGadr8rUQxSIK,I10,Some,54
R_1dsGadr8rUQxSIK,I11,Some,62
R_1dsGadr8rUQxSIK,I12,Some,93
R_1dsGadr8rUQxSIK,I13,No,24
R_1dsGadr8rUQxSIK,I14,No,92
R_1dsGadr8rUQxSIK,I15,No,76
R_1dsGadr8rUQxSIK,I16,No,42
R_1dsGadr8rUQxSIK,I17,No,76
R_1dsGadr8rUQxSIK,I18,No,76
R_3rM2rj6pszA7AAd,I1,Everyone,3
R_3rM2rj6pszA7AAd,I2,Everyone,0
R_3rM2rj6pszA7AAd,I3,Everyone,72
R_3rM2rj6pszA7AAd,I4,Everyone,5
R_3rM2rj6pszA7AAd,I5,Everyone,55
R_3rM2rj6pszA7AAd,I6,Everyone,0
R_3rM2rj6pszA7AAd,I7,Some,35
R_3rM2rj6pszA7AAd,I8,Some,67
R_3rM2rj6pszA7AAd,I9,Some,73
R_3rM2rj6pszA7AAd,I10,Some,87
R_3rM2rj6pszA7AAd,I11,Some,70
R_3rM2rj6pszA7AAd,I12,Some,87
R_3rM2rj6pszA7AAd,I13,No,71
R_3rM2rj6pszA7AAd,I14,No,93
R_3rM2rj6pszA7AAd,I15,No,66
R_3rM2rj6pszA7AAd,I16,No,66
R_3rM2rj6pszA7AAd,I17,No,78
R_3rM2rj6pszA7AAd,I18,No,42
R_2TzWYvltv3jcybn,I1,Everyone,40
R_2TzWYvltv3jcybn,I2,Everyone,30
R_2TzWYvltv3jcybn,I3,Everyone,60
R_2TzWYvltv3jcybn,I4,Everyone,25
R_2TzWYvltv3jcybn,I5,Everyone,60
R_2TzWYvltv3jcybn,I6,Everyone,40
R_2TzWYvltv3jcybn,I7,Some,40
R_2TzWYvltv3jcybn,I8,Some,70
R_2TzWYvltv3jcybn,I9,Some,40
R_2TzWYvltv3jcybn,I10,Some,65
R_2TzWYvltv3jcybn,I11,Some,75
R_2TzWYvltv3jcybn,I12,Some,80
R_2TzWYvltv3jcybn,I13,No,45
R_2TzWYvltv3jcybn,I14,No,85
R_2TzWYvltv3jcybn,I15,No,60
R_2TzWYvltv3jcybn,I16,No,35
R_2TzWYvltv3jcybn,I17,No,60
R_2TzWYvltv3jcybn,I18,No,70
R_3PRfpaejMvKqvRw,I1,Everyone,63
R_3PRfpaejMvKqvRw,I2,Everyone,23
R_3PRfpaejMvKqvRw,I3,Everyone,78
R_3PRfpaejMvKqvRw,I4,Everyone,35
R_3PRfpaejMvKqvRw,I5,Everyone,34
R_3PRfpaejMvKqvRw,I6,Everyone,40
R_3PRfpaejMvKqvRw,I7,Some,6
R_3PRfpaejMvKqvRw,I8,Some,90
R_3PRfpaejMvKqvRw,I9,Some,30
R_3PRfpaejMvKqvRw,I10,Some,50
R_3PRfpaejMvKqvRw,I11,Some,45
R_3PRfpaejMvKqvRw,I12,Some,68
R_3PRfpaejMvKqvRw,I13,No,72
R_3PRfpaejMvKqvRw,I14,No,100
R_3PRfpaejMvKqvRw,I15,No,55
R_3PRfpaejMvKqvRw,I16,No,44
R_3PRfpaejMvKqvRw,I17,No,90
R_3PRfpaejMvKqvRw,I18,No,45
R_3Pt05IDLdWSuNQw,I1,Everyone,46
R_3Pt05IDLdWSuNQw,I2,Everyone,32
R_3Pt05IDLdWSuNQw,I3,Everyone,2
R_3Pt05IDLdWSuNQw,I4,Everyone,40
R_3Pt05IDLdWSuNQw,I5,Everyone,58
R_3Pt05IDLdWSuNQw,I6,Everyone,50
R_3Pt05IDLdWSuNQw,I7,Some,15
R_3Pt05IDLdWSuNQw,I8,Some,94
R_3Pt05IDLdWSuNQw,I9,Some,63
R_3Pt05IDLdWSuNQw,I10,Some,80
R_3Pt05IDLdWSuNQw,I11,Some,78
R_3Pt05IDLdWSuNQw,I12,Some,90
R_3Pt05IDLdWSuNQw,I13,No,18
R_3Pt05IDLdWSuNQw,I14,No,70
R_3Pt05IDLdWSuNQw,I15,No,64
R_3Pt05IDLdWSuNQw,I16,No,96
R_3Pt05IDLdWSuNQw,I17,No,50
R_3Pt05IDLdWSuNQw,I18,No,25
R_usvRI55ke1Qm6KR,I1,Everyone,72
R_usvRI55ke1Qm6KR,I2,Everyone,20
R_usvRI55ke1Qm6KR,I3,Everyone,85
R_usvRI55ke1Qm6KR,I4,Everyone,90
R_usvRI55ke1Qm6KR,I5,Everyone,67
R_usvRI55ke1Qm6KR,I6,Everyone,44
R_usvRI55ke1Qm6KR,I7,Some,45
R_usvRI55ke1Qm6KR,I8,Some,95
R_usvRI55ke1Qm6KR,I9,Some,76
R_usvRI55ke1Qm6KR,I10,Some,86
R_usvRI55ke1Qm6KR,I11,Some,82
R_usvRI55ke1Qm6KR,I12,Some,67
R_usvRI55ke1Qm6KR,I13,No,78
R_usvRI55ke1Qm6KR,I14,No,74
R_usvRI55ke1Qm6KR,I15,No,62
R_usvRI55ke1Qm6KR,I16,No,65
R_usvRI55ke1Qm6KR,I17,No,87
R_usvRI55ke1Qm6KR,I18,No,36
R_2sZUCPQvIQ9niYE,I1,Everyone,50
R_2sZUCPQvIQ9niYE,I2,Everyone,0
R_2sZUCPQvIQ9niYE,I3,Everyone,50
R_2sZUCPQvIQ9niYE,I4,Everyone,66
R_2sZUCPQvIQ9niYE,I5,Everyone,25
R_2sZUCPQvIQ9niYE,I6,Everyone,25
R_2sZUCPQvIQ9niYE,I7,Some,33
R_2sZUCPQvIQ9niYE,I8,Some,90
R_2sZUCPQvIQ9niYE,I9,Some,20
R_2sZUCPQvIQ9niYE,I10,Some,75
R_2sZUCPQvIQ9niYE,I11,Some,76
R_2sZUCPQvIQ9niYE,I12,Some,95
R_2sZUCPQvIQ9niYE,I13,No,70
R_2sZUCPQvIQ9niYE,I14,No,60
R_2sZUCPQvIQ9niYE,I15,No,50
R_2sZUCPQvIQ9niYE,I16,No,75
R_2sZUCPQvIQ9niYE,I17,No,80
R_2sZUCPQvIQ9niYE,I18,No,75
R_2tKkwKuCXYtfxph,I1,Everyone,40
R_2tKkwKuCXYtfxph,I2,Everyone,30
R_2tKkwKuCXYtfxph,I3,Everyone,10
R_2tKkwKuCXYtfxph,I4,Everyone,25
R_2tKkwKuCXYtfxph,I5,Everyone,85
R_2tKkwKuCXYtfxph,I6,Everyone,55
R_2tKkwKuCXYtfxph,I7,Some,5
R_2tKkwKuCXYtfxph,I8,Some,95
R_2tKkwKuCXYtfxph,I9,Some,65
R_2tKkwKuCXYtfxph,I10,Some,70
R_2tKkwKuCXYtfxph,I11,Some,95
R_2tKkwKuCXYtfxph,I12,Some,75
R_2tKkwKuCXYtfxph,I13,No,80
R_2tKkwKuCXYtfxph,I14,No,65
R_2tKkwKuCXYtfxph,I15,No,85
R_2tKkwKuCXYtfxph,I16,No,80
R_2tKkwKuCXYtfxph,I17,No,20
R_2tKkwKuCXYtfxph,I18,No,30
R_2PoQpgiaLDafAnp,I1,Everyone,41
R_2PoQpgiaLDafAnp,I2,Everyone,27
R_2PoQpgiaLDafAnp,I3,Everyone,80
R_2PoQpgiaLDafAnp,I4,Everyone,80
R_2PoQpgiaLDafAnp,I5,Everyone,52
R_2PoQpgiaLDafAnp,I6,Everyone,41
R_2PoQpgiaLDafAnp,I7,Some,4
R_2PoQpgiaLDafAnp,I8,Some,98
R_2PoQpgiaLDafAnp,I9,Some,60
R_2PoQpgiaLDafAnp,I10,Some,37
R_2PoQpgiaLDafAnp,I11,Some,90
R_2PoQpgiaLDafAnp,I12,Some,55
R_2PoQpgiaLDafAnp,I13,No,64
R_2PoQpgiaLDafAnp,I14,No,93
R_2PoQpgiaLDafAnp,I15,No,75
R_2PoQpgiaLDafAnp,I16,No,69
R_2PoQpgiaLDafAnp,I17,No,50
R_2PoQpgiaLDafAnp,I18,No,100
R_1pnkqQmnhTcMXXe,I1,Everyone,68
R_1pnkqQmnhTcMXXe,I2,Everyone,38
R_1pnkqQmnhTcMXXe,I3,Everyone,43
R_1pnkqQmnhTcMXXe,I4,Everyone,42
R_1pnkqQmnhTcMXXe,I5,Everyone,59
R_1pnkqQmnhTcMXXe,I6,Everyone,61
R_1pnkqQmnhTcMXXe,I7,Some,37
R_1pnkqQmnhTcMXXe,I8,Some,57
R_1pnkqQmnhTcMXXe,I9,Some,24
R_1pnkqQmnhTcMXXe,I10,Some,68
R_1pnkqQmnhTcMXXe,I11,Some,64
R_1pnkqQmnhTcMXXe,I12,Some,49
R_1pnkqQmnhTcMXXe,I13,No,61
R_1pnkqQmnhTcMXXe,I14,No,77
R_1pnkqQmnhTcMXXe,I15,No,57
R_1pnkqQmnhTcMXXe,I16,No,66
R_1pnkqQmnhTcMXXe,I17,No,50
R_1pnkqQmnhTcMXXe,I18,No,56
R_2CHvluZPDikMH4h,I1,Everyone,57
R_2CHvluZPDikMH4h,I2,Everyone,28
R_2CHvluZPDikMH4h,I3,Everyone,27
R_2CHvluZPDikMH4h,I4,Everyone,68
R_2CHvluZPDikMH4h,I5,Everyone,32
R_2CHvluZPDikMH4h,I6,Everyone,35
R_2CHvluZPDikMH4h,I7,Some,33
R_2CHvluZPDikMH4h,I8,Some,67
R_2CHvluZPDikMH4h,I9,Some,37
R_2CHvluZPDikMH4h,I10,Some,53
R_2CHvluZPDikMH4h,I11,Some,43
R_2CHvluZPDikMH4h,I12,Some,72
R_2CHvluZPDikMH4h,I13,No,67
R_2CHvluZPDikMH4h,I14,No,56
R_2CHvluZPDikMH4h,I15,No,64
R_2CHvluZPDikMH4h,I16,No,68
R_2CHvluZPDikMH4h,I17,No,85
R_2CHvluZPDikMH4h,I18,No,66
R_1lxDvCPovs6Fduo,I1,Everyone,38
R_1lxDvCPovs6Fduo,I2,Everyone,25
R_1lxDvCPovs6Fduo,I3,Everyone,23
R_1lxDvCPovs6Fduo,I4,Everyone,36
R_1lxDvCPovs6Fduo,I5,Everyone,16
R_1lxDvCPovs6Fduo,I6,Everyone,39
R_1lxDvCPovs6Fduo,I7,Some,44
R_1lxDvCPovs6Fduo,I8,Some,75
R_1lxDvCPovs6Fduo,I9,Some,35
R_1lxDvCPovs6Fduo,I10,Some,46
R_1lxDvCPovs6Fduo,I11,Some,56
R_1lxDvCPovs6Fduo,I12,Some,52
R_1lxDvCPovs6Fduo,I13,No,32
R_1lxDvCPovs6Fduo,I14,No,67
R_1lxDvCPovs6Fduo,I15,No,68
R_1lxDvCPovs6Fduo,I16,No,79
R_1lxDvCPovs6Fduo,I17,No,43
R_1lxDvCPovs6Fduo,I18,No,59
R_3pasE4cbpEwrbHV,I1,Everyone,85
R_3pasE4cbpEwrbHV,I2,Everyone,9
R_3pasE4cbpEwrbHV,I3,Everyone,70
R_3pasE4cbpEwrbHV,I4,Everyone,85
R_3pasE4cbpEwrbHV,I5,Everyone,57
R_3pasE4cbpEwrbHV,I6,Everyone,17
R_3pasE4cbpEwrbHV,I7,Some,31
R_3pasE4cbpEwrbHV,I8,Some,85
R_3pasE4cbpEwrbHV,I9,Some,54
R_3pasE4cbpEwrbHV,I10,Some,55
R_3pasE4cbpEwrbHV,I11,Some,59
R_3pasE4cbpEwrbHV,I12,Some,73
R_3pasE4cbpEwrbHV,I13,No,80
R_3pasE4cbpEwrbHV,I14,No,88
R_3pasE4cbpEwrbHV,I15,No,69
R_3pasE4cbpEwrbHV,I16,No,50
R_3pasE4cbpEwrbHV,I17,No,30
R_3pasE4cbpEwrbHV,I18,No,42
R_2qqiFQurWabg2vI,I1,Everyone,53
R_2qqiFQurWabg2vI,I2,Everyone,86
R_2qqiFQurWabg2vI,I3,Everyone,91
R_2qqiFQurWabg2vI,I4,Everyone,51
R_2qqiFQurWabg2vI,I5,Everyone,60
R_2qqiFQurWabg2vI,I6,Everyone,51
R_2qqiFQurWabg2vI,I7,Some,8
R_2qqiFQurWabg2vI,I8,Some,53
R_2qqiFQurWabg2vI,I9,Some,56
R_2qqiFQurWabg2vI,I10,Some,61
R_2qqiFQurWabg2vI,I11,Some,52
R_2qqiFQurWabg2vI,I12,Some,53
R_2qqiFQurWabg2vI,I13,No,56
R_2qqiFQurWabg2vI,I14,No,51
R_2qqiFQurWabg2vI,I15,No,53
R_2qqiFQurWabg2vI,I16,No,56
R_2qqiFQurWabg2vI,I17,No,52
R_2qqiFQurWabg2vI,I18,No,55
R_1gFN6pQYxkODPo7,I1,Everyone,21
R_1gFN6pQYxkODPo7,I2,Everyone,19
R_1gFN6pQYxkODPo7,I3,Everyone,86
R_1gFN6pQYxkODPo7,I4,Everyone,88
R_1gFN6pQYxkODPo7,I5,Everyone,81
R_1gFN6pQYxkODPo7,I6,Everyone,43
R_1gFN6pQYxkODPo7,I7,Some,82
R_1gFN6pQYxkODPo7,I8,Some,91
R_1gFN6pQYxkODPo7,I9,Some,92
R_1gFN6pQYxkODPo7,I10,Some,86
R_1gFN6pQYxkODPo7,I11,Some,95
R_1gFN6pQYxkODPo7,I12,Some,39
R_1gFN6pQYxkODPo7,I13,No,84
R_1gFN6pQYxkODPo7,I14,No,79
R_1gFN6pQYxkODPo7,I15,No,87
R_1gFN6pQYxkODPo7,I16,No,57
R_1gFN6pQYxkODPo7,I17,No,57
R_1gFN6pQYxkODPo7,I18,No,80
R_2wQw2Scd6kKd3G3,I1,Everyone,92
R_2wQw2Scd6kKd3G3,I2,Everyone,32
R_2wQw2Scd6kKd3G3,I3,Everyone,81
R_2wQw2Scd6kKd3G3,I4,Everyone,71
R_2wQw2Scd6kKd3G3,I5,Everyone,96
R_2wQw2Scd6kKd3G3,I6,Everyone,88
R_2wQw2Scd6kKd3G3,I7,Some,60
R_2wQw2Scd6kKd3G3,I8,Some,74
R_2wQw2Scd6kKd3G3,I9,Some,94
R_2wQw2Scd6kKd3G3,I10,Some,93
R_2wQw2Scd6kKd3G3,I11,Some,67
R_2wQw2Scd6kKd3G3,I12,Some,73
R_2wQw2Scd6kKd3G3,I13,No,24
R_2wQw2Scd6kKd3G3,I14,No,98
R_2wQw2Scd6kKd3G3,I15,No,93
R_2wQw2Scd6kKd3G3,I16,No,96
R_2wQw2Scd6kKd3G3,I17,No,63
R_2wQw2Scd6kKd3G3,I18,No,60
R_OfB8y7XTB7NeYc9,I1,Everyone,50
R_OfB8y7XTB7NeYc9,I2,Everyone,41
R_OfB8y7XTB7NeYc9,I3,Everyone,45
R_OfB8y7XTB7NeYc9,I4,Everyone,90
R_OfB8y7XTB7NeYc9,I5,Everyone,57
R_OfB8y7XTB7NeYc9,I6,Everyone,52
R_OfB8y7XTB7NeYc9,I7,Some,61
R_OfB8y7XTB7NeYc9,I8,Some,63
R_OfB8y7XTB7NeYc9,I9,Some,87
R_OfB8y7XTB7NeYc9,I10,Some,59
R_OfB8y7XTB7NeYc9,I11,Some,39
R_OfB8y7XTB7NeYc9,I12,Some,46
R_OfB8y7XTB7NeYc9,I13,No,75
R_OfB8y7XTB7NeYc9,I14,No,75
R_OfB8y7XTB7NeYc9,I15,No,51
R_OfB8y7XTB7NeYc9,I16,No,81
R_OfB8y7XTB7NeYc9,I17,No,81
R_OfB8y7XTB7NeYc9,I18,No,40
R_XHSKB47y2YnKj0l,I1,Everyone,68
R_XHSKB47y2YnKj0l,I2,Everyone,51
R_XHSKB47y2YnKj0l,I3,Everyone,38
R_XHSKB47y2YnKj0l,I4,Everyone,30
R_XHSKB47y2YnKj0l,I5,Everyone,41
R_XHSKB47y2YnKj0l,I6,Everyone,49
R_XHSKB47y2YnKj0l,I7,Some,46
R_XHSKB47y2YnKj0l,I8,Some,66
R_XHSKB47y2YnKj0l,I9,Some,53
R_XHSKB47y2YnKj0l,I10,Some,78
R_XHSKB47y2YnKj0l,I11,Some,79
R_XHSKB47y2YnKj0l,I12,Some,68
R_XHSKB47y2YnKj0l,I13,No,85
R_XHSKB47y2YnKj0l,I14,No,45
R_XHSKB47y2YnKj0l,I15,No,62
R_XHSKB47y2YnKj0l,I16,No,58
R_XHSKB47y2YnKj0l,I17,No,95
R_XHSKB47y2YnKj0l,I18,No,66
R_2rw27K3lFu6Et0z,I1,Everyone,15
R_2rw27K3lFu6Et0z,I2,Everyone,19
R_2rw27K3lFu6Et0z,I3,Everyone,16
R_2rw27K3lFu6Et0z,I4,Everyone,68
R_2rw27K3lFu6Et0z,I5,Everyone,40
R_2rw27K3lFu6Et0z,I6,Everyone,41
R_2rw27K3lFu6Et0z,I7,Some,15
R_2rw27K3lFu6Et0z,I8,Some,33
R_2rw27K3lFu6Et0z,I9,Some,59
R_2rw27K3lFu6Et0z,I10,Some,23
R_2rw27K3lFu6Et0z,I11,Some,19
R_2rw27K3lFu6Et0z,I12,Some,57
R_2rw27K3lFu6Et0z,I13,No,82
R_2rw27K3lFu6Et0z,I14,No,85
R_2rw27K3lFu6Et0z,I15,No,69
R_2rw27K3lFu6Et0z,I16,No,57
R_2rw27K3lFu6Et0z,I17,No,68
R_2rw27K3lFu6Et0z,I18,No,59
R_1FqErd0qJI2HaaD,I1,Everyone,51
R_1FqErd0qJI2HaaD,I2,Everyone,25
R_1FqErd0qJI2HaaD,I3,Everyone,51
R_1FqErd0qJI2HaaD,I4,Everyone,25
R_1FqErd0qJI2HaaD,I5,Everyone,50
R_1FqErd0qJI2HaaD,I6,Everyone,25
R_1FqErd0qJI2HaaD,I7,Some,25
R_1FqErd0qJI2HaaD,I8,Some,77
R_1FqErd0qJI2HaaD,I9,Some,61
R_1FqErd0qJI2HaaD,I10,Some,50
R_1FqErd0qJI2HaaD,I11,Some,51
R_1FqErd0qJI2HaaD,I12,Some,57
R_1FqErd0qJI2HaaD,I13,No,63
R_1FqErd0qJI2HaaD,I14,No,72
R_1FqErd0qJI2HaaD,I15,No,51
R_1FqErd0qJI2HaaD,I16,No,50
R_1FqErd0qJI2HaaD,I17,No,52
R_1FqErd0qJI2HaaD,I18,No,35
R_12Mgf0gUxAo6pU5,I1,Everyone,58
R_12Mgf0gUxAo6pU5,I2,Everyone,74
R_12Mgf0gUxAo6pU5,I3,Everyone,38
R_12Mgf0gUxAo6pU5,I4,Everyone,50
R_12Mgf0gUxAo6pU5,I5,Everyone,50
R_12Mgf0gUxAo6pU5,I6,Everyone,58
R_12Mgf0gUxAo6pU5,I7,Some,54
R_12Mgf0gUxAo6pU5,I8,Some,78
R_12Mgf0gUxAo6pU5,I9,Some,77
R_12Mgf0gUxAo6pU5,I10,Some,81
R_12Mgf0gUxAo6pU5,I11,Some,89
R_12Mgf0gUxAo6pU5,I12,Some,79
R_12Mgf0gUxAo6pU5,I13,No,77
R_12Mgf0gUxAo6pU5,I14,No,63
R_12Mgf0gUxAo6pU5,I15,No,92
R_12Mgf0gUxAo6pU5,I16,No,90
R_12Mgf0gUxAo6pU5,I17,No,76
R_12Mgf0gUxAo6pU5,I18,No,50
R_1E9Yi6Ov3fB0i7t,I1,Everyone,87
R_1E9Yi6Ov3fB0i7t,I2,Everyone,38
R_1E9Yi6Ov3fB0i7t,I3,Everyone,66
R_1E9Yi6Ov3fB0i7t,I4,Everyone,83
R_1E9Yi6Ov3fB0i7t,I5,Everyone,80
R_1E9Yi6Ov3fB0i7t,I6,Everyone,52
R_1E9Yi6Ov3fB0i7t,I7,Some,39
R_1E9Yi6Ov3fB0i7t,I8,Some,88
R_1E9Yi6Ov3fB0i7t,I9,Some,24
R_1E9Yi6Ov3fB0i7t,I10,Some,65
R_1E9Yi6Ov3fB0i7t,I11,Some,34
R_1E9Yi6Ov3fB0i7t,I12,Some,81
R_1E9Yi6Ov3fB0i7t,I13,No,44
R_1E9Yi6Ov3fB0i7t,I14,No,48
R_1E9Yi6Ov3fB0i7t,I15,No,69
R_1E9Yi6Ov3fB0i7t,I16,No,39
R_1E9Yi6Ov3fB0i7t,I17,No,63
R_1E9Yi6Ov3fB0i7t,I18,No,65
R_2fJXrpJqbdGY4Xy,I1,Everyone,47
R_2fJXrpJqbdGY4Xy,I2,Everyone,35
R_2fJXrpJqbdGY4Xy,I3,Everyone,39
R_2fJXrpJqbdGY4Xy,I4,Everyone,38
R_2fJXrpJqbdGY4Xy,I5,Everyone,33
R_2fJXrpJqbdGY4Xy,I6,Everyone,57
R_2fJXrpJqbdGY4Xy,I7,Some,12
R_2fJXrpJqbdGY4Xy,I8,Some,100
R_2fJXrpJqbdGY4Xy,I9,Some,34
R_2fJXrpJqbdGY4Xy,I10,Some,41
R_2fJXrpJqbdGY4Xy,I11,Some,20
R_2fJXrpJqbdGY4Xy,I12,Some,69
R_2fJXrpJqbdGY4Xy,I13,No,82
R_2fJXrpJqbdGY4Xy,I14,No,65
R_2fJXrpJqbdGY4Xy,I15,No,76
R_2fJXrpJqbdGY4Xy,I16,No,77
R_2fJXrpJqbdGY4Xy,I17,No,92
R_2fJXrpJqbdGY4Xy,I18,No,76
R_cIwCtcA0KRVOlpv,I1,Everyone,56
R_cIwCtcA0KRVOlpv,I2,Everyone,74
R_cIwCtcA0KRVOlpv,I3,Everyone,60
R_cIwCtcA0KRVOlpv,I4,Everyone,50
R_cIwCtcA0KRVOlpv,I5,Everyone,75
R_cIwCtcA0KRVOlpv,I6,Everyone,68
R_cIwCtcA0KRVOlpv,I7,Some,48
R_cIwCtcA0KRVOlpv,I8,Some,82
R_cIwCtcA0KRVOlpv,I9,Some,55
R_cIwCtcA0KRVOlpv,I10,Some,66
R_cIwCtcA0KRVOlpv,I11,Some,78
R_cIwCtcA0KRVOlpv,I12,Some,88
R_cIwCtcA0KRVOlpv,I13,No,88
R_cIwCtcA0KRVOlpv,I14,No,95
R_cIwCtcA0KRVOlpv,I15,No,76
R_cIwCtcA0KRVOlpv,I16,No,84
R_cIwCtcA0KRVOlpv,I17,No,23
R_cIwCtcA0KRVOlpv,I18,No,45
R_Owg05DVo72ZJncR,I1,Everyone,57
R_Owg05DVo72ZJncR,I2,Everyone,20
R_Owg05DVo72ZJncR,I3,Everyone,55
R_Owg05DVo72ZJncR,I4,Everyone,55
R_Owg05DVo72ZJncR,I5,Everyone,90
R_Owg05DVo72ZJncR,I6,Everyone,35
R_Owg05DVo72ZJncR,I7,Some,65
R_Owg05DVo72ZJncR,I8,Some,95
R_Owg05DVo72ZJncR,I9,Some,7
R_Owg05DVo72ZJncR,I10,Some,90
R_Owg05DVo72ZJncR,I11,Some,80
R_Owg05DVo72ZJncR,I12,Some,51
R_Owg05DVo72ZJncR,I13,No,46
R_Owg05DVo72ZJncR,I14,No,80
R_Owg05DVo72ZJncR,I15,No,65
R_Owg05DVo72ZJncR,I16,No,65
R_Owg05DVo72ZJncR,I17,No,50
R_Owg05DVo72ZJncR,I18,No,45
R_3fdGFc97DJ4LS8b,I1,Everyone,40
R_3fdGFc97DJ4LS8b,I2,Everyone,60
R_3fdGFc97DJ4LS8b,I3,Everyone,67
R_3fdGFc97DJ4LS8b,I4,Everyone,21
R_3fdGFc97DJ4LS8b,I5,Everyone,25
R_3fdGFc97DJ4LS8b,I6,Everyone,63
R_3fdGFc97DJ4LS8b,I7,Some,8
R_3fdGFc97DJ4LS8b,I8,Some,92
R_3fdGFc97DJ4LS8b,I9,Some,51
R_3fdGFc97DJ4LS8b,I10,Some,41
R_3fdGFc97DJ4LS8b,I11,Some,81
R_3fdGFc97DJ4LS8b,I12,Some,72
R_3fdGFc97DJ4LS8b,I13,No,88
R_3fdGFc97DJ4LS8b,I14,No,80
R_3fdGFc97DJ4LS8b,I15,No,78
R_3fdGFc97DJ4LS8b,I16,No,84
R_3fdGFc97DJ4LS8b,I17,No,83
R_3fdGFc97DJ4LS8b,I18,No,74
R_3Jfw1NNpD4XiWW4,I1,Everyone,100
R_3Jfw1NNpD4XiWW4,I2,Everyone,27
R_3Jfw1NNpD4XiWW4,I3,Everyone,77
R_3Jfw1NNpD4XiWW4,I4,Everyone,51
R_3Jfw1NNpD4XiWW4,I5,Everyone,76
R_3Jfw1NNpD4XiWW4,I6,Everyone,58
R_3Jfw1NNpD4XiWW4,I7,Some,76
R_3Jfw1NNpD4XiWW4,I8,Some,77
R_3Jfw1NNpD4XiWW4,I9,Some,90
R_3Jfw1NNpD4XiWW4,I10,Some,51
R_3Jfw1NNpD4XiWW4,I11,Some,76
R_3Jfw1NNpD4XiWW4,I12,Some,51
R_3Jfw1NNpD4XiWW4,I13,No,51
R_3Jfw1NNpD4XiWW4,I14,No,84
R_3Jfw1NNpD4XiWW4,I15,No,75
R_3Jfw1NNpD4XiWW4,I16,No,86
R_3Jfw1NNpD4XiWW4,I17,No,70
R_3Jfw1NNpD4XiWW4,I18,No,57
R_2aqVEG2prdIyLcK,I1,Everyone,76
R_2aqVEG2prdIyLcK,I2,Everyone,76
R_2aqVEG2prdIyLcK,I3,Everyone,95
R_2aqVEG2prdIyLcK,I4,Everyone,24
R_2aqVEG2prdIyLcK,I5,Everyone,100
R_2aqVEG2prdIyLcK,I6,Everyone,51
R_2aqVEG2prdIyLcK,I7,Some,25
R_2aqVEG2prdIyLcK,I8,Some,97
R_2aqVEG2prdIyLcK,I9,Some,75
R_2aqVEG2prdIyLcK,I10,Some,60
R_2aqVEG2prdIyLcK,I11,Some,25
R_2aqVEG2prdIyLcK,I12,Some,76
R_2aqVEG2prdIyLcK,I13,No,75
R_2aqVEG2prdIyLcK,I14,No,98
R_2aqVEG2prdIyLcK,I15,No,61
R_2aqVEG2prdIyLcK,I16,No,100
R_2aqVEG2prdIyLcK,I17,No,98
R_2aqVEG2prdIyLcK,I18,No,25
R_1FeU4achCzEvkCA,I1,Everyone,49
R_1FeU4achCzEvkCA,I2,Everyone,21
R_1FeU4achCzEvkCA,I3,Everyone,20
R_1FeU4achCzEvkCA,I4,Everyone,53
R_1FeU4achCzEvkCA,I5,Everyone,78
R_1FeU4achCzEvkCA,I6,Everyone,51
R_1FeU4achCzEvkCA,I7,Some,36
R_1FeU4achCzEvkCA,I8,Some,76
R_1FeU4achCzEvkCA,I9,Some,61
R_1FeU4achCzEvkCA,I10,Some,76
R_1FeU4achCzEvkCA,I11,Some,89
R_1FeU4achCzEvkCA,I12,Some,83
R_1FeU4achCzEvkCA,I13,No,85
R_1FeU4achCzEvkCA,I14,No,92
R_1FeU4achCzEvkCA,I15,No,55
R_1FeU4achCzEvkCA,I16,No,60
R_1FeU4achCzEvkCA,I17,No,61
R_1FeU4achCzEvkCA,I18,No,75
R_1qeyLyUMZtodCJu,I1,Everyone,37
R_1qeyLyUMZtodCJu,I2,Everyone,31
R_1qeyLyUMZtodCJu,I3,Everyone,56
R_1qeyLyUMZtodCJu,I4,Everyone,37
R_1qeyLyUMZtodCJu,I5,Everyone,56
R_1qeyLyUMZtodCJu,I6,Everyone,40
R_1qeyLyUMZtodCJu,I7,Some,14
R_1qeyLyUMZtodCJu,I8,Some,58
R_1qeyLyUMZtodCJu,I9,Some,70
R_1qeyLyUMZtodCJu,I10,Some,72
R_1qeyLyUMZtodCJu,I11,Some,44
R_1qeyLyUMZtodCJu,I12,Some,47
R_1qeyLyUMZtodCJu,I13,No,62
R_1qeyLyUMZtodCJu,I14,No,87
R_1qeyLyUMZtodCJu,I15,No,86
R_1qeyLyUMZtodCJu,I16,No,65
R_1qeyLyUMZtodCJu,I17,No,91
R_1qeyLyUMZtodCJu,I18,No,72
R_3fV1RYNKQWKqnWb,I1,Everyone,49
R_3fV1RYNKQWKqnWb,I2,Everyone,38
R_3fV1RYNKQWKqnWb,I3,Everyone,50
R_3fV1RYNKQWKqnWb,I4,Everyone,43
R_3fV1RYNKQWKqnWb,I5,Everyone,76
R_3fV1RYNKQWKqnWb,I6,Everyone,45
R_3fV1RYNKQWKqnWb,I7,Some,26
R_3fV1RYNKQWKqnWb,I8,Some,87
R_3fV1RYNKQWKqnWb,I9,Some,84
R_3fV1RYNKQWKqnWb,I10,Some,45
R_3fV1RYNKQWKqnWb,I11,Some,70
R_3fV1RYNKQWKqnWb,I12,Some,85
R_3fV1RYNKQWKqnWb,I13,No,69
R_3fV1RYNKQWKqnWb,I14,No,53
R_3fV1RYNKQWKqnWb,I15,No,59
R_3fV1RYNKQWKqnWb,I16,No,61
R_3fV1RYNKQWKqnWb,I17,No,23
R_3fV1RYNKQWKqnWb,I18,No,57
R_PIqTjWvNBrvJv45,I1,Everyone,93
R_PIqTjWvNBrvJv45,I2,Everyone,27
R_PIqTjWvNBrvJv45,I3,Everyone,62
R_PIqTjWvNBrvJv45,I4,Everyone,94
R_PIqTjWvNBrvJv45,I5,Everyone,100
R_PIqTjWvNBrvJv45,I6,Everyone,58
R_PIqTjWvNBrvJv45,I7,Some,14
R_PIqTjWvNBrvJv45,I8,Some,100
R_PIqTjWvNBrvJv45,I9,Some,96
R_PIqTjWvNBrvJv45,I10,Some,98
R_PIqTjWvNBrvJv45,I11,Some,93
R_PIqTjWvNBrvJv45,I12,Some,98
R_PIqTjWvNBrvJv45,I13,No,94
R_PIqTjWvNBrvJv45,I14,No,97
R_PIqTjWvNBrvJv45,I15,No,92
R_PIqTjWvNBrvJv45,I16,No,95
R_PIqTjWvNBrvJv45,I17,No,94
R_PIqTjWvNBrvJv45,I18,No,99
R_2zApmylJ7FDgxUn,I1,Everyone,46
R_2zApmylJ7FDgxUn,I2,Everyone,42
R_2zApmylJ7FDgxUn,I3,Everyone,62
R_2zApmylJ7FDgxUn,I4,Everyone,42
R_2zApmylJ7FDgxUn,I5,Everyone,53
R_2zApmylJ7FDgxUn,I6,Everyone,32
R_2zApmylJ7FDgxUn,I7,Some,26
R_2zApmylJ7FDgxUn,I8,Some,86
R_2zApmylJ7FDgxUn,I9,Some,46
R_2zApmylJ7FDgxUn,I10,Some,48
R_2zApmylJ7FDgxUn,I11,Some,75
R_2zApmylJ7FDgxUn,I12,Some,71
R_2zApmylJ7FDgxUn,I13,No,54
R_2zApmylJ7FDgxUn,I14,No,94
R_2zApmylJ7FDgxUn,I15,No,64
R_2zApmylJ7FDgxUn,I16,No,51
R_2zApmylJ7FDgxUn,I17,No,66
R_2zApmylJ7FDgxUn,I18,No,55
R_QcvRSeIbF1HJg53,I1,Everyone,52
R_QcvRSeIbF1HJg53,I2,Everyone,52
R_QcvRSeIbF1HJg53,I3,Everyone,76
R_QcvRSeIbF1HJg53,I4,Everyone,49
R_QcvRSeIbF1HJg53,I5,Everyone,84
R_QcvRSeIbF1HJg53,I6,Everyone,51
R_QcvRSeIbF1HJg53,I7,Some,50
R_QcvRSeIbF1HJg53,I8,Some,75
R_QcvRSeIbF1HJg53,I9,Some,49
R_QcvRSeIbF1HJg53,I10,Some,77
R_QcvRSeIbF1HJg53,I11,Some,51
R_QcvRSeIbF1HJg53,I12,Some,77
R_QcvRSeIbF1HJg53,I13,No,74
R_QcvRSeIbF1HJg53,I14,No,88
R_QcvRSeIbF1HJg53,I15,No,52
R_QcvRSeIbF1HJg53,I16,No,77
R_QcvRSeIbF1HJg53,I17,No,75
R_QcvRSeIbF1HJg53,I18,No,76
R_3Jb5JDNTUTLbV17,I1,Everyone,53
R_3Jb5JDNTUTLbV17,I2,Everyone,50
R_3Jb5JDNTUTLbV17,I3,Everyone,33
R_3Jb5JDNTUTLbV17,I4,Everyone,51
R_3Jb5JDNTUTLbV17,I5,Everyone,63
R_3Jb5JDNTUTLbV17,I6,Everyone,49
R_3Jb5JDNTUTLbV17,I7,Some,50
R_3Jb5JDNTUTLbV17,I8,Some,64
R_3Jb5JDNTUTLbV17,I9,Some,36
R_3Jb5JDNTUTLbV17,I10,Some,70
R_3Jb5JDNTUTLbV17,I11,Some,61
R_3Jb5JDNTUTLbV17,I12,Some,92
R_3Jb5JDNTUTLbV17,I13,No,76
R_3Jb5JDNTUTLbV17,I14,No,96
R_3Jb5JDNTUTLbV17,I15,No,68
R_3Jb5JDNTUTLbV17,I16,No,91
R_3Jb5JDNTUTLbV17,I17,No,91
R_3Jb5JDNTUTLbV17,I18,No,52
R_3DwhpE1HBlNYoSc,I1,Everyone,65
R_3DwhpE1HBlNYoSc,I2,Everyone,45
R_3DwhpE1HBlNYoSc,I3,Everyone,48
R_3DwhpE1HBlNYoSc,I4,Everyone,89
R_3DwhpE1HBlNYoSc,I5,Everyone,47
R_3DwhpE1HBlNYoSc,I6,Everyone,48
R_3DwhpE1HBlNYoSc,I7,Some,32
R_3DwhpE1HBlNYoSc,I8,Some,96
R_3DwhpE1HBlNYoSc,I9,Some,70
R_3DwhpE1HBlNYoSc,I10,Some,68
R_3DwhpE1HBlNYoSc,I11,Some,39
R_3DwhpE1HBlNYoSc,I12,Some,86
R_3DwhpE1HBlNYoSc,I13,No,39
R_3DwhpE1HBlNYoSc,I14,No,79
R_3DwhpE1HBlNYoSc,I15,No,84
R_3DwhpE1HBlNYoSc,I16,No,84
R_3DwhpE1HBlNYoSc,I17,No,91
R_3DwhpE1HBlNYoSc,I18,No,90
R_1OOVAnApZGztFJa,I1,Everyone,24
R_1OOVAnApZGztFJa,I2,Everyone,24
R_1OOVAnApZGztFJa,I3,Everyone,26
R_1OOVAnApZGztFJa,I4,Everyone,78
R_1OOVAnApZGztFJa,I5,Everyone,78
R_1OOVAnApZGztFJa,I6,Everyone,23
R_1OOVAnApZGztFJa,I7,Some,48
R_1OOVAnApZGztFJa,I8,Some,50
R_1OOVAnApZGztFJa,I9,Some,50
R_1OOVAnApZGztFJa,I10,Some,50
R_1OOVAnApZGztFJa,I11,Some,75
R_1OOVAnApZGztFJa,I12,Some,27
R_1OOVAnApZGztFJa,I13,No,75
R_1OOVAnApZGztFJa,I14,No,75
R_1OOVAnApZGztFJa,I15,No,51
R_1OOVAnApZGztFJa,I16,No,25
R_1OOVAnApZGztFJa,I17,No,49
R_1OOVAnApZGztFJa,I18,No,50
R_1o1jFrSgpqP7pRh,I1,Everyone,58
R_1o1jFrSgpqP7pRh,I2,Everyone,60
R_1o1jFrSgpqP7pRh,I3,Everyone,36
R_1o1jFrSgpqP7pRh,I4,Everyone,58
R_1o1jFrSgpqP7pRh,I5,Everyone,18
R_1o1jFrSgpqP7pRh,I6,Everyone,23
R_1o1jFrSgpqP7pRh,I7,Some,12
R_1o1jFrSgpqP7pRh,I8,Some,86
R_1o1jFrSgpqP7pRh,I9,Some,19
R_1o1jFrSgpqP7pRh,I10,Some,25
R_1o1jFrSgpqP7pRh,I11,Some,47
R_1o1jFrSgpqP7pRh,I12,Some,81
R_1o1jFrSgpqP7pRh,I13,No,75
R_1o1jFrSgpqP7pRh,I14,No,92
R_1o1jFrSgpqP7pRh,I15,No,75
R_1o1jFrSgpqP7pRh,I16,No,80
R_1o1jFrSgpqP7pRh,I17,No,17
R_1o1jFrSgpqP7pRh,I18,No,42
R_3jfk6gdNZi1ysQu,I1,Everyone,35
R_3jfk6gdNZi1ysQu,I2,Everyone,50
R_3jfk6gdNZi1ysQu,I3,Everyone,39
R_3jfk6gdNZi1ysQu,I4,Everyone,41
R_3jfk6gdNZi1ysQu,I5,Everyone,60
R_3jfk6gdNZi1ysQu,I6,Everyone,50
R_3jfk6gdNZi1ysQu,I7,Some,18
R_3jfk6gdNZi1ysQu,I8,Some,85
R_3jfk6gdNZi1ysQu,I9,Some,62
R_3jfk6gdNZi1ysQu,I10,Some,67
R_3jfk6gdNZi1ysQu,I11,Some,76
R_3jfk6gdNZi1ysQu,I12,Some,70
R_3jfk6gdNZi1ysQu,I13,No,44
R_3jfk6gdNZi1ysQu,I14,No,61
R_3jfk6gdNZi1ysQu,I15,No,43
R_3jfk6gdNZi1ysQu,I16,No,50
R_3jfk6gdNZi1ysQu,I17,No,50
R_3jfk6gdNZi1ysQu,I18,No,25
R_3kgHYQj5COCgDwC,I1,Everyone,65
R_3kgHYQj5COCgDwC,I2,Everyone,8
R_3kgHYQj5COCgDwC,I3,Everyone,76
R_3kgHYQj5COCgDwC,I4,Everyone,90
R_3kgHYQj5COCgDwC,I5,Everyone,24
R_3kgHYQj5COCgDwC,I6,Everyone,68
R_3kgHYQj5COCgDwC,I7,Some,85
R_3kgHYQj5COCgDwC,I8,Some,76
R_3kgHYQj5COCgDwC,I9,Some,86
R_3kgHYQj5COCgDwC,I10,Some,82
R_3kgHYQj5COCgDwC,I11,Some,86
R_3kgHYQj5COCgDwC,I12,Some,77
R_3kgHYQj5COCgDwC,I13,No,99
R_3kgHYQj5COCgDwC,I14,No,88
R_3kgHYQj5COCgDwC,I15,No,51
R_3kgHYQj5COCgDwC,I16,No,49
R_3kgHYQj5COCgDwC,I17,No,100
R_3kgHYQj5COCgDwC,I18,No,100
R_1n6E1yRrVrx2GsV,I1,Everyone,65
R_1n6E1yRrVrx2GsV,I2,Everyone,20
R_1n6E1yRrVrx2GsV,I3,Everyone,35
R_1n6E1yRrVrx2GsV,I4,Everyone,85
R_1n6E1yRrVrx2GsV,I5,Everyone,75
R_1n6E1yRrVrx2GsV,I6,Everyone,60
R_1n6E1yRrVrx2GsV,I7,Some,10
R_1n6E1yRrVrx2GsV,I8,Some,76
R_1n6E1yRrVrx2GsV,I9,Some,24
R_1n6E1yRrVrx2GsV,I10,Some,76
R_1n6E1yRrVrx2GsV,I11,Some,76
R_1n6E1yRrVrx2GsV,I12,Some,85
R_1n6E1yRrVrx2GsV,I13,No,51
R_1n6E1yRrVrx2GsV,I14,No,76
R_1n6E1yRrVrx2GsV,I15,No,77
R_1n6E1yRrVrx2GsV,I16,No,77
R_1n6E1yRrVrx2GsV,I17,No,80
R_1n6E1yRrVrx2GsV,I18,No,76
R_2rjTDW2uSTZMNVk,I1,Everyone,60
R_2rjTDW2uSTZMNVk,I2,Everyone,20
R_2rjTDW2uSTZMNVk,I3,Everyone,77
R_2rjTDW2uSTZMNVk,I4,Everyone,51
R_2rjTDW2uSTZMNVk,I5,Everyone,76
R_2rjTDW2uSTZMNVk,I6,Everyone,50
R_2rjTDW2uSTZMNVk,I7,Some,1
R_2rjTDW2uSTZMNVk,I8,Some,90
R_2rjTDW2uSTZMNVk,I9,Some,30
R_2rjTDW2uSTZMNVk,I10,Some,65
R_2rjTDW2uSTZMNVk,I11,Some,20
R_2rjTDW2uSTZMNVk,I12,Some,76
R_2rjTDW2uSTZMNVk,I13,No,75
R_2rjTDW2uSTZMNVk,I14,No,90
R_2rjTDW2uSTZMNVk,I15,No,75
R_2rjTDW2uSTZMNVk,I16,No,85
R_2rjTDW2uSTZMNVk,I17,No,65
R_2rjTDW2uSTZMNVk,I18,No,35
R_2b4bFuKUuZSFAJf,I1,Everyone,100
R_2b4bFuKUuZSFAJf,I2,Everyone,24
R_2b4bFuKUuZSFAJf,I3,Everyone,25
R_2b4bFuKUuZSFAJf,I4,Everyone,100
R_2b4bFuKUuZSFAJf,I5,Everyone,49
R_2b4bFuKUuZSFAJf,I6,Everyone,35
R_2b4bFuKUuZSFAJf,I7,Some,51
R_2b4bFuKUuZSFAJf,I8,Some,100
R_2b4bFuKUuZSFAJf,I9,Some,77
R_2b4bFuKUuZSFAJf,I10,Some,77
R_2b4bFuKUuZSFAJf,I11,Some,61
R_2b4bFuKUuZSFAJf,I12,Some,90
R_2b4bFuKUuZSFAJf,I13,No,50
R_2b4bFuKUuZSFAJf,I14,No,76
R_2b4bFuKUuZSFAJf,I15,No,75
R_2b4bFuKUuZSFAJf,I16,No,88
R_2b4bFuKUuZSFAJf,I17,No,100
R_2b4bFuKUuZSFAJf,I18,No,100
R_7OGsqEFKoLbTlRv,I1,Everyone,50
R_7OGsqEFKoLbTlRv,I2,Everyone,90
R_7OGsqEFKoLbTlRv,I3,Everyone,70
R_7OGsqEFKoLbTlRv,I4,Everyone,50
R_7OGsqEFKoLbTlRv,I5,Everyone,25
R_7OGsqEFKoLbTlRv,I6,Everyone,75
R_7OGsqEFKoLbTlRv,I7,Some,20
R_7OGsqEFKoLbTlRv,I8,Some,95
R_7OGsqEFKoLbTlRv,I9,Some,40
R_7OGsqEFKoLbTlRv,I10,Some,75
R_7OGsqEFKoLbTlRv,I11,Some,30
R_7OGsqEFKoLbTlRv,I12,Some,70
R_7OGsqEFKoLbTlRv,I13,No,90
R_7OGsqEFKoLbTlRv,I14,No,75
R_7OGsqEFKoLbTlRv,I15,No,80
R_7OGsqEFKoLbTlRv,I16,No,90
R_7OGsqEFKoLbTlRv,I17,No,60
R_7OGsqEFKoLbTlRv,I18,No,50
R_3oF2rZou5J2AtUY,I1,Everyone,65
R_3oF2rZou5J2AtUY,I2,Everyone,10
R_3oF2rZou5J2AtUY,I3,Everyone,95
R_3oF2rZou5J2AtUY,I4,Everyone,77
R_3oF2rZou5J2AtUY,I5,Everyone,50
R_3oF2rZou5J2AtUY,I6,Everyone,30
R_3oF2rZou5J2AtUY,I7,Some,35
R_3oF2rZou5J2AtUY,I8,Some,60
R_3oF2rZou5J2AtUY,I9,Some,40
R_3oF2rZou5J2AtUY,I10,Some,70
R_3oF2rZou5J2AtUY,I11,Some,77
R_3oF2rZou5J2AtUY,I12,Some,60
R_3oF2rZou5J2AtUY,I13,No,90
R_3oF2rZou5J2AtUY,I14,No,75
R_3oF2rZou5J2AtUY,I15,No,76
R_3oF2rZou5J2AtUY,I16,No,90
R_3oF2rZou5J2AtUY,I17,No,50
R_3oF2rZou5J2AtUY,I18,No,30
R_2zo40uQYUlJE0js,I1,Everyone,16
R_2zo40uQYUlJE0js,I2,Everyone,4
R_2zo40uQYUlJE0js,I3,Everyone,5
R_2zo40uQYUlJE0js,I4,Everyone,64
R_2zo40uQYUlJE0js,I5,Everyone,50
R_2zo40uQYUlJE0js,I6,Everyone,49
R_2zo40uQYUlJE0js,I7,Some,6
R_2zo40uQYUlJE0js,I8,Some,90
R_2zo40uQYUlJE0js,I9,Some,15
R_2zo40uQYUlJE0js,I10,Some,97
R_2zo40uQYUlJE0js,I11,Some,80
R_2zo40uQYUlJE0js,I12,Some,61
R_2zo40uQYUlJE0js,I13,No,58
R_2zo40uQYUlJE0js,I14,No,79
R_2zo40uQYUlJE0js,I15,No,100
R_2zo40uQYUlJE0js,I16,No,85
R_2zo40uQYUlJE0js,I17,No,90
R_2zo40uQYUlJE0js,I18,No,71
R_09uT57YrWi9ywM1,I1,Everyone,74
R_09uT57YrWi9ywM1,I2,Everyone,61
R_09uT57YrWi9ywM1,I3,Everyone,76
R_09uT57YrWi9ywM1,I4,Everyone,66
R_09uT57YrWi9ywM1,I5,Everyone,6
R_09uT57YrWi9ywM1,I6,Everyone,52
R_09uT57YrWi9ywM1,I7,Some,62
R_09uT57YrWi9ywM1,I8,Some,81
R_09uT57YrWi9ywM1,I9,Some,87
R_09uT57YrWi9ywM1,I10,Some,62
R_09uT57YrWi9ywM1,I11,Some,76
R_09uT57YrWi9ywM1,I12,Some,76
R_09uT57YrWi9ywM1,I13,No,100
R_09uT57YrWi9ywM1,I14,No,98
R_09uT57YrWi9ywM1,I15,No,76
R_09uT57YrWi9ywM1,I16,No,66
R_09uT57YrWi9ywM1,I17,No,87
R_09uT57YrWi9ywM1,I18,No,76
R_271NQDkNEw5wZLl,I1,Everyone,44
R_271NQDkNEw5wZLl,I2,Everyone,41
R_271NQDkNEw5wZLl,I3,Everyone,46
R_271NQDkNEw5wZLl,I4,Everyone,38
R_271NQDkNEw5wZLl,I5,Everyone,42
R_271NQDkNEw5wZLl,I6,Everyone,58
R_271NQDkNEw5wZLl,I7,Some,27
R_271NQDkNEw5wZLl,I8,Some,73
R_271NQDkNEw5wZLl,I9,Some,38
R_271NQDkNEw5wZLl,I10,Some,70
R_271NQDkNEw5wZLl,I11,Some,53
R_271NQDkNEw5wZLl,I12,Some,54
R_271NQDkNEw5wZLl,I13,No,70
R_271NQDkNEw5wZLl,I14,No,42
R_271NQDkNEw5wZLl,I15,No,50
R_271NQDkNEw5wZLl,I16,No,64
R_271NQDkNEw5wZLl,I17,No,82
R_271NQDkNEw5wZLl,I18,No,80
R_2dpgJsZfJGbjQYp,I1,Everyone,57
R_2dpgJsZfJGbjQYp,I2,Everyone,15
R_2dpgJsZfJGbjQYp,I3,Everyone,24
R_2dpgJsZfJGbjQYp,I4,Everyone,47
R_2dpgJsZfJGbjQYp,I5,Everyone,50
R_2dpgJsZfJGbjQYp,I6,Everyone,25
R_2dpgJsZfJGbjQYp,I7,Some,25
R_2dpgJsZfJGbjQYp,I8,Some,38
R_2dpgJsZfJGbjQYp,I9,Some,6
R_2dpgJsZfJGbjQYp,I10,Some,41
R_2dpgJsZfJGbjQYp,I11,Some,27
R_2dpgJsZfJGbjQYp,I12,Some,67
R_2dpgJsZfJGbjQYp,I13,No,7
R_2dpgJsZfJGbjQYp,I14,No,48
R_2dpgJsZfJGbjQYp,I15,No,25
R_2dpgJsZfJGbjQYp,I16,No,55
R_2dpgJsZfJGbjQYp,I17,No,24
R_2dpgJsZfJGbjQYp,I18,No,33
R_bJzLgEMOz6Au8wN,I1,Everyone,30
R_bJzLgEMOz6Au8wN,I2,Everyone,40
R_bJzLgEMOz6Au8wN,I3,Everyone,90
R_bJzLgEMOz6Au8wN,I4,Everyone,40
R_bJzLgEMOz6Au8wN,I5,Everyone,80
R_bJzLgEMOz6Au8wN,I6,Everyone,40
R_bJzLgEMOz6Au8wN,I7,Some,15
R_bJzLgEMOz6Au8wN,I8,Some,75
R_bJzLgEMOz6Au8wN,I9,Some,30
R_bJzLgEMOz6Au8wN,I10,Some,30
R_bJzLgEMOz6Au8wN,I11,Some,30
R_bJzLgEMOz6Au8wN,I12,Some,80
R_bJzLgEMOz6Au8wN,I13,No,70
R_bJzLgEMOz6Au8wN,I14,No,85
R_bJzLgEMOz6Au8wN,I15,No,55
R_bJzLgEMOz6Au8wN,I16,No,65
R_bJzLgEMOz6Au8wN,I17,No,15
R_bJzLgEMOz6Au8wN,I18,No,35
R_1ereYGbVl62hkiV,I1,Everyone,50
R_1ereYGbVl62hkiV,I2,Everyone,23
R_1ereYGbVl62hkiV,I3,Everyone,61
R_1ereYGbVl62hkiV,I4,Everyone,62
R_1ereYGbVl62hkiV,I5,Everyone,50
R_1ereYGbVl62hkiV,I6,Everyone,51
R_1ereYGbVl62hkiV,I7,Some,50
R_1ereYGbVl62hkiV,I8,Some,60
R_1ereYGbVl62hkiV,I9,Some,61
R_1ereYGbVl62hkiV,I10,Some,77
R_1ereYGbVl62hkiV,I11,Some,50
R_1ereYGbVl62hkiV,I12,Some,50
R_1ereYGbVl62hkiV,I13,No,76
R_1ereYGbVl62hkiV,I14,No,64
R_1ereYGbVl62hkiV,I15,No,61
R_1ereYGbVl62hkiV,I16,No,62
R_1ereYGbVl62hkiV,I17,No,51
R_1ereYGbVl62hkiV,I18,No,62
R_1dFW2qvhhNzMpa2,I1,Everyone,30
R_1dFW2qvhhNzMpa2,I2,Everyone,15
R_1dFW2qvhhNzMpa2,I3,Everyone,20
R_1dFW2qvhhNzMpa2,I4,Everyone,75
R_1dFW2qvhhNzMpa2,I5,Everyone,10
R_1dFW2qvhhNzMpa2,I6,Everyone,15
R_1dFW2qvhhNzMpa2,I7,Some,5
R_1dFW2qvhhNzMpa2,I8,Some,50
R_1dFW2qvhhNzMpa2,I9,Some,5
R_1dFW2qvhhNzMpa2,I10,Some,50
R_1dFW2qvhhNzMpa2,I11,Some,40
R_1dFW2qvhhNzMpa2,I12,Some,75
R_1dFW2qvhhNzMpa2,I13,No,70
R_1dFW2qvhhNzMpa2,I14,No,60
R_1dFW2qvhhNzMpa2,I15,No,10
R_1dFW2qvhhNzMpa2,I16,No,25
R_1dFW2qvhhNzMpa2,I17,No,80
R_1dFW2qvhhNzMpa2,I18,No,80
R_x3EcCSvZ1vssINj,I1,Everyone,68
R_x3EcCSvZ1vssINj,I2,Everyone,56
R_x3EcCSvZ1vssINj,I3,Everyone,58
R_x3EcCSvZ1vssINj,I4,Everyone,73
R_x3EcCSvZ1vssINj,I5,Everyone,37
R_x3EcCSvZ1vssINj,I6,Everyone,64
R_x3EcCSvZ1vssINj,I7,Some,28
R_x3EcCSvZ1vssINj,I8,Some,44
R_x3EcCSvZ1vssINj,I9,Some,59
R_x3EcCSvZ1vssINj,I10,Some,51
R_x3EcCSvZ1vssINj,I11,Some,58
R_x3EcCSvZ1vssINj,I12,Some,77
R_x3EcCSvZ1vssINj,I13,No,41
R_x3EcCSvZ1vssINj,I14,No,79
R_x3EcCSvZ1vssINj,I15,No,60
R_x3EcCSvZ1vssINj,I16,No,67
R_x3EcCSvZ1vssINj,I17,No,65
R_x3EcCSvZ1vssINj,I18,No,61
R_1PZCO0UhDbQwpBA,I1,Everyone,65
R_1PZCO0UhDbQwpBA,I2,Everyone,25
R_1PZCO0UhDbQwpBA,I3,Everyone,51
R_1PZCO0UhDbQwpBA,I4,Everyone,31
R_1PZCO0UhDbQwpBA,I5,Everyone,71
R_1PZCO0UhDbQwpBA,I6,Everyone,50
R_1PZCO0UhDbQwpBA,I7,Some,73
R_1PZCO0UhDbQwpBA,I8,Some,95
R_1PZCO0UhDbQwpBA,I9,Some,24
R_1PZCO0UhDbQwpBA,I10,Some,82
R_1PZCO0UhDbQwpBA,I11,Some,26
R_1PZCO0UhDbQwpBA,I12,Some,85
R_1PZCO0UhDbQwpBA,I13,No,6
R_1PZCO0UhDbQwpBA,I14,No,67
R_1PZCO0UhDbQwpBA,I15,No,56
R_1PZCO0UhDbQwpBA,I16,No,66
R_1PZCO0UhDbQwpBA,I17,No,95
R_1PZCO0UhDbQwpBA,I18,No,59
R_3je1JeuKchEl1sX,I1,Everyone,49
R_3je1JeuKchEl1sX,I2,Everyone,26
R_3je1JeuKchEl1sX,I3,Everyone,75
R_3je1JeuKchEl1sX,I4,Everyone,79
R_3je1JeuKchEl1sX,I5,Everyone,58
R_3je1JeuKchEl1sX,I6,Everyone,74
R_3je1JeuKchEl1sX,I7,Some,51
R_3je1JeuKchEl1sX,I8,Some,87
R_3je1JeuKchEl1sX,I9,Some,27
R_3je1JeuKchEl1sX,I10,Some,78
R_3je1JeuKchEl1sX,I11,Some,78
R_3je1JeuKchEl1sX,I12,Some,78
R_3je1JeuKchEl1sX,I13,No,76
R_3je1JeuKchEl1sX,I14,No,76
R_3je1JeuKchEl1sX,I15,No,51
R_3je1JeuKchEl1sX,I16,No,78
R_3je1JeuKchEl1sX,I17,No,84
R_3je1JeuKchEl1sX,I18,No,51
R_3rSBd7VE55AtcF4,I1,Some,75
R_3rSBd7VE55AtcF4,I2,Some,24
R_3rSBd7VE55AtcF4,I3,Some,64
R_3rSBd7VE55AtcF4,I4,Some,58
R_3rSBd7VE55AtcF4,I5,Some,61
R_3rSBd7VE55AtcF4,I6,Some,39
R_3rSBd7VE55AtcF4,I7,No,7
R_3rSBd7VE55AtcF4,I8,No,38
R_3rSBd7VE55AtcF4,I9,No,25
R_3rSBd7VE55AtcF4,I10,No,18
R_3rSBd7VE55AtcF4,I11,No,16
R_3rSBd7VE55AtcF4,I12,No,75
R_3rSBd7VE55AtcF4,I13,Everyone,44
R_3rSBd7VE55AtcF4,I14,Everyone,39
R_3rSBd7VE55AtcF4,I15,Everyone,34
R_3rSBd7VE55AtcF4,I16,Everyone,21
R_3rSBd7VE55AtcF4,I17,Everyone,100
R_3rSBd7VE55AtcF4,I18,Everyone,45
R_2tydkE5JIqVMf2P,I1,Some,58
R_2tydkE5JIqVMf2P,I2,Some,20
R_2tydkE5JIqVMf2P,I3,Some,76
R_2tydkE5JIqVMf2P,I4,Some,55
R_2tydkE5JIqVMf2P,I5,Some,61
R_2tydkE5JIqVMf2P,I6,Some,36
R_2tydkE5JIqVMf2P,I7,No,5
R_2tydkE5JIqVMf2P,I8,No,62
R_2tydkE5JIqVMf2P,I9,No,42
R_2tydkE5JIqVMf2P,I10,No,66
R_2tydkE5JIqVMf2P,I11,No,28
R_2tydkE5JIqVMf2P,I12,No,61
R_2tydkE5JIqVMf2P,I13,Everyone,29
R_2tydkE5JIqVMf2P,I14,Everyone,53
R_2tydkE5JIqVMf2P,I15,Everyone,53
R_2tydkE5JIqVMf2P,I16,Everyone,15
R_2tydkE5JIqVMf2P,I17,Everyone,68
R_2tydkE5JIqVMf2P,I18,Everyone,64
R_2THGDsT0RCQJktW,I1,Some,88
R_2THGDsT0RCQJktW,I2,Some,86
R_2THGDsT0RCQJktW,I3,Some,76
R_2THGDsT0RCQJktW,I4,Some,24
R_2THGDsT0RCQJktW,I5,Some,39
R_2THGDsT0RCQJktW,I6,Some,74
R_2THGDsT0RCQJktW,I7,No,29
R_2THGDsT0RCQJktW,I8,No,99
R_2THGDsT0RCQJktW,I9,No,25
R_2THGDsT0RCQJktW,I10,No,51
R_2THGDsT0RCQJktW,I11,No,93
R_2THGDsT0RCQJktW,I12,No,91
R_2THGDsT0RCQJktW,I13,Everyone,15
R_2THGDsT0RCQJktW,I14,Everyone,89
R_2THGDsT0RCQJktW,I15,Everyone,89
R_2THGDsT0RCQJktW,I16,Everyone,84
R_2THGDsT0RCQJktW,I17,Everyone,76
R_2THGDsT0RCQJktW,I18,Everyone,52
R_3I3oumTqrbOkGyc,I1,Some,81
R_3I3oumTqrbOkGyc,I2,Some,9
R_3I3oumTqrbOkGyc,I3,Some,76
R_3I3oumTqrbOkGyc,I4,Some,81
R_3I3oumTqrbOkGyc,I5,Some,62
R_3I3oumTqrbOkGyc,I6,Some,43
R_3I3oumTqrbOkGyc,I7,No,37
R_3I3oumTqrbOkGyc,I8,No,94
R_3I3oumTqrbOkGyc,I9,No,51
R_3I3oumTqrbOkGyc,I10,No,100
R_3I3oumTqrbOkGyc,I11,No,68
R_3I3oumTqrbOkGyc,I12,No,65
R_3I3oumTqrbOkGyc,I13,Everyone,50
R_3I3oumTqrbOkGyc,I14,Everyone,86
R_3I3oumTqrbOkGyc,I15,Everyone,51
R_3I3oumTqrbOkGyc,I16,Everyone,68
R_3I3oumTqrbOkGyc,I17,Everyone,86
R_3I3oumTqrbOkGyc,I18,Everyone,77
R_sZhgBbWyKlyAyJj,I1,Some,40
R_sZhgBbWyKlyAyJj,I2,Some,35
R_sZhgBbWyKlyAyJj,I3,Some,77
R_sZhgBbWyKlyAyJj,I4,Some,83
R_sZhgBbWyKlyAyJj,I5,Some,75
R_sZhgBbWyKlyAyJj,I6,Some,40
R_sZhgBbWyKlyAyJj,I7,No,24
R_sZhgBbWyKlyAyJj,I8,No,76
R_sZhgBbWyKlyAyJj,I9,No,70
R_sZhgBbWyKlyAyJj,I10,No,19
R_sZhgBbWyKlyAyJj,I11,No,95
R_sZhgBbWyKlyAyJj,I12,No,78
R_sZhgBbWyKlyAyJj,I13,Everyone,61
R_sZhgBbWyKlyAyJj,I14,Everyone,65
R_sZhgBbWyKlyAyJj,I15,Everyone,56
R_sZhgBbWyKlyAyJj,I16,Everyone,54
R_sZhgBbWyKlyAyJj,I17,Everyone,75
R_sZhgBbWyKlyAyJj,I18,Everyone,50
R_6A3w7vt4tMrGdr3,I1,Some,65
R_6A3w7vt4tMrGdr3,I2,Some,45
R_6A3w7vt4tMrGdr3,I3,Some,40
R_6A3w7vt4tMrGdr3,I4,Some,60
R_6A3w7vt4tMrGdr3,I5,Some,65
R_6A3w7vt4tMrGdr3,I6,Some,40
R_6A3w7vt4tMrGdr3,I7,No,20
R_6A3w7vt4tMrGdr3,I8,No,75
R_6A3w7vt4tMrGdr3,I9,No,50
R_6A3w7vt4tMrGdr3,I10,No,60
R_6A3w7vt4tMrGdr3,I11,No,60
R_6A3w7vt4tMrGdr3,I12,No,55
R_6A3w7vt4tMrGdr3,I13,Everyone,65
R_6A3w7vt4tMrGdr3,I14,Everyone,75
R_6A3w7vt4tMrGdr3,I15,Everyone,70
R_6A3w7vt4tMrGdr3,I16,Everyone,60
R_6A3w7vt4tMrGdr3,I17,Everyone,85
R_6A3w7vt4tMrGdr3,I18,Everyone,75
R_3Ic86BJBoQRSHbj,I1,Some,63
R_3Ic86BJBoQRSHbj,I2,Some,26
R_3Ic86BJBoQRSHbj,I3,Some,50
R_3Ic86BJBoQRSHbj,I4,Some,25
R_3Ic86BJBoQRSHbj,I5,Some,69
R_3Ic86BJBoQRSHbj,I6,Some,95
R_3Ic86BJBoQRSHbj,I7,No,38
R_3Ic86BJBoQRSHbj,I8,No,71
R_3Ic86BJBoQRSHbj,I9,No,14
R_3Ic86BJBoQRSHbj,I10,No,63
R_3Ic86BJBoQRSHbj,I11,No,77
R_3Ic86BJBoQRSHbj,I12,No,100
R_3Ic86BJBoQRSHbj,I13,Everyone,36
R_3Ic86BJBoQRSHbj,I14,Everyone,72
R_3Ic86BJBoQRSHbj,I15,Everyone,90
R_3Ic86BJBoQRSHbj,I16,Everyone,99
R_3Ic86BJBoQRSHbj,I17,Everyone,61
R_3Ic86BJBoQRSHbj,I18,Everyone,68
R_3qlFKK68QPqFHt4,I1,Some,90
R_3qlFKK68QPqFHt4,I2,Some,27
R_3qlFKK68QPqFHt4,I3,Some,82
R_3qlFKK68QPqFHt4,I4,Some,39
R_3qlFKK68QPqFHt4,I5,Some,61
R_3qlFKK68QPqFHt4,I6,Some,71
R_3qlFKK68QPqFHt4,I7,No,3
R_3qlFKK68QPqFHt4,I8,No,85
R_3qlFKK68QPqFHt4,I9,No,70
R_3qlFKK68QPqFHt4,I10,No,88
R_3qlFKK68QPqFHt4,I11,No,66
R_3qlFKK68QPqFHt4,I12,No,76
R_3qlFKK68QPqFHt4,I13,Everyone,77
R_3qlFKK68QPqFHt4,I14,Everyone,89
R_3qlFKK68QPqFHt4,I15,Everyone,71
R_3qlFKK68QPqFHt4,I16,Everyone,57
R_3qlFKK68QPqFHt4,I17,Everyone,96
R_3qlFKK68QPqFHt4,I18,Everyone,85
R_3jZeDllDtOdJbfh,I1,Some,40
R_3jZeDllDtOdJbfh,I2,Some,20
R_3jZeDllDtOdJbfh,I3,Some,60
R_3jZeDllDtOdJbfh,I4,Some,50
R_3jZeDllDtOdJbfh,I5,Some,82
R_3jZeDllDtOdJbfh,I6,Some,50
R_3jZeDllDtOdJbfh,I7,No,10
R_3jZeDllDtOdJbfh,I8,No,80
R_3jZeDllDtOdJbfh,I9,No,70
R_3jZeDllDtOdJbfh,I10,No,33
R_3jZeDllDtOdJbfh,I11,No,50
R_3jZeDllDtOdJbfh,I12,No,70
R_3jZeDllDtOdJbfh,I13,Everyone,25
R_3jZeDllDtOdJbfh,I14,Everyone,20
R_3jZeDllDtOdJbfh,I15,Everyone,90
R_3jZeDllDtOdJbfh,I16,Everyone,75
R_3jZeDllDtOdJbfh,I17,Everyone,10
R_3jZeDllDtOdJbfh,I18,Everyone,34
R_3qOkeTIxhfc0ndh,I1,Some,34
R_3qOkeTIxhfc0ndh,I2,Some,73
R_3qOkeTIxhfc0ndh,I3,Some,93
R_3qOkeTIxhfc0ndh,I4,Some,90
R_3qOkeTIxhfc0ndh,I5,Some,68
R_3qOkeTIxhfc0ndh,I6,Some,50
R_3qOkeTIxhfc0ndh,I7,No,21
R_3qOkeTIxhfc0ndh,I8,No,57
R_3qOkeTIxhfc0ndh,I9,No,54
R_3qOkeTIxhfc0ndh,I10,No,73
R_3qOkeTIxhfc0ndh,I11,No,79
R_3qOkeTIxhfc0ndh,I12,No,97
R_3qOkeTIxhfc0ndh,I13,Everyone,16
R_3qOkeTIxhfc0ndh,I14,Everyone,49
R_3qOkeTIxhfc0ndh,I15,Everyone,37
R_3qOkeTIxhfc0ndh,I16,Everyone,41
R_3qOkeTIxhfc0ndh,I17,Everyone,69
R_3qOkeTIxhfc0ndh,I18,Everyone,42
R_ahHoRaPFdbOfA7n,I1,Some,67
R_ahHoRaPFdbOfA7n,I2,Some,84
R_ahHoRaPFdbOfA7n,I3,Some,79
R_ahHoRaPFdbOfA7n,I4,Some,73
R_ahHoRaPFdbOfA7n,I5,Some,60
R_ahHoRaPFdbOfA7n,I6,Some,63
R_ahHoRaPFdbOfA7n,I7,No,23
R_ahHoRaPFdbOfA7n,I8,No,87
R_ahHoRaPFdbOfA7n,I9,No,40
R_ahHoRaPFdbOfA7n,I10,No,50
R_ahHoRaPFdbOfA7n,I11,No,40
R_ahHoRaPFdbOfA7n,I12,No,65
R_ahHoRaPFdbOfA7n,I13,Everyone,23
R_ahHoRaPFdbOfA7n,I14,Everyone,50
R_ahHoRaPFdbOfA7n,I15,Everyone,45
R_ahHoRaPFdbOfA7n,I16,Everyone,30
R_ahHoRaPFdbOfA7n,I17,Everyone,33
R_ahHoRaPFdbOfA7n,I18,Everyone,29
R_RrY4W5KG60QmdFL,I1,Some,60
R_RrY4W5KG60QmdFL,I2,Some,82
R_RrY4W5KG60QmdFL,I3,Some,76
R_RrY4W5KG60QmdFL,I4,Some,93
R_RrY4W5KG60QmdFL,I5,Some,95
R_RrY4W5KG60QmdFL,I6,Some,25
R_RrY4W5KG60QmdFL,I7,No,11
R_RrY4W5KG60QmdFL,I8,No,100
R_RrY4W5KG60QmdFL,I9,No,99
R_RrY4W5KG60QmdFL,I10,No,90
R_RrY4W5KG60QmdFL,I11,No,5
R_RrY4W5KG60QmdFL,I12,No,75
R_RrY4W5KG60QmdFL,I13,Everyone,40
R_RrY4W5KG60QmdFL,I14,Everyone,88
R_RrY4W5KG60QmdFL,I15,Everyone,82
R_RrY4W5KG60QmdFL,I16,Everyone,87
R_RrY4W5KG60QmdFL,I17,Everyone,100
R_RrY4W5KG60QmdFL,I18,Everyone,25
R_3jUURwD6UfJcWoZ,I1,Some,92
R_3jUURwD6UfJcWoZ,I2,Some,45
R_3jUURwD6UfJcWoZ,I3,Some,83
R_3jUURwD6UfJcWoZ,I4,Some,61
R_3jUURwD6UfJcWoZ,I5,Some,61
R_3jUURwD6UfJcWoZ,I6,Some,71
R_3jUURwD6UfJcWoZ,I7,No,1
R_3jUURwD6UfJcWoZ,I8,No,100
R_3jUURwD6UfJcWoZ,I9,No,61
R_3jUURwD6UfJcWoZ,I10,No,100
R_3jUURwD6UfJcWoZ,I11,No,75
R_3jUURwD6UfJcWoZ,I12,No,94
R_3jUURwD6UfJcWoZ,I13,Everyone,65
R_3jUURwD6UfJcWoZ,I14,Everyone,66
R_3jUURwD6UfJcWoZ,I15,Everyone,25
R_3jUURwD6UfJcWoZ,I16,Everyone,77
R_3jUURwD6UfJcWoZ,I17,Everyone,100
R_3jUURwD6UfJcWoZ,I18,Everyone,68
R_aV4QCFDSaA6LDk5,I1,Some,67
R_aV4QCFDSaA6LDk6,I2,Some,60
R_aV4QCFDSaA6LDk6,I3,Some,70
R_aV4QCFDSaA6LDk6,I4,Some,40
R_aV4QCFDSaA6LDk6,I5,Some,85
R_aV4QCFDSaA6LDk6,I6,Some,63
R_aV4QCFDSaA6LDk6,I7,No,35
R_aV4QCFDSaA6LDk6,I8,No,99
R_aV4QCFDSaA6LDk6,I9,No,52
R_aV4QCFDSaA6LDk6,I10,No,99
R_aV4QCFDSaA6LDk6,I11,No,28
R_aV4QCFDSaA6LDk6,I12,No,95
R_aV4QCFDSaA6LDk6,I13,Everyone,86
R_aV4QCFDSaA6LDk6,I14,Everyone,81
R_aV4QCFDSaA6LDk6,I15,Everyone,86
R_aV4QCFDSaA6LDk6,I16,Everyone,83
R_aV4QCFDSaA6LDk6,I17,Everyone,70
R_aV4QCFDSaA6LDk6,I18,Everyone,81
R_ClR6yLWilc1Frih,I1,Some,70
R_ClR6yLWilc1Frih,I2,Some,30
R_ClR6yLWilc1Frih,I3,Some,80
R_ClR6yLWilc1Frih,I4,Some,80
R_ClR6yLWilc1Frih,I5,Some,75
R_ClR6yLWilc1Frih,I6,Some,25
R_ClR6yLWilc1Frih,I7,No,15
R_ClR6yLWilc1Frih,I8,No,75
R_ClR6yLWilc1Frih,I9,No,40
R_ClR6yLWilc1Frih,I10,No,50
R_ClR6yLWilc1Frih,I11,No,95
R_ClR6yLWilc1Frih,I12,No,75
R_ClR6yLWilc1Frih,I13,Everyone,85
R_ClR6yLWilc1Frih,I14,Everyone,75
R_ClR6yLWilc1Frih,I15,Everyone,50
R_ClR6yLWilc1Frih,I16,Everyone,45
R_ClR6yLWilc1Frih,I17,Everyone,80
R_ClR6yLWilc1Frih,I18,Everyone,55
R_3G9VUgzwrccleWa,I1,Some,54
R_3G9VUgzwrccleWa,I2,Some,40
R_3G9VUgzwrccleWa,I3,Some,61
R_3G9VUgzwrccleWa,I4,Some,67
R_3G9VUgzwrccleWa,I5,Some,66
R_3G9VUgzwrccleWa,I6,Some,41
R_3G9VUgzwrccleWa,I7,No,19
R_3G9VUgzwrccleWa,I8,No,65
R_3G9VUgzwrccleWa,I9,No,66
R_3G9VUgzwrccleWa,I10,No,80
R_3G9VUgzwrccleWa,I11,No,71
R_3G9VUgzwrccleWa,I12,No,61
R_3G9VUgzwrccleWa,I13,Everyone,52
R_3G9VUgzwrccleWa,I14,Everyone,35
R_3G9VUgzwrccleWa,I15,Everyone,47
R_3G9VUgzwrccleWa,I16,Everyone,59
R_3G9VUgzwrccleWa,I17,Everyone,76
R_3G9VUgzwrccleWa,I18,Everyone,83
R_2QDRaKKNeggaE8b,I1,Some,30
R_2QDRaKKNeggaE8b,I2,Some,19
R_2QDRaKKNeggaE8b,I3,Some,77
R_2QDRaKKNeggaE8b,I4,Some,42
R_2QDRaKKNeggaE8b,I5,Some,76
R_2QDRaKKNeggaE8b,I6,Some,67
R_2QDRaKKNeggaE8b,I7,No,11
R_2QDRaKKNeggaE8b,I8,No,82
R_2QDRaKKNeggaE8b,I9,No,76
R_2QDRaKKNeggaE8b,I10,No,100
R_2QDRaKKNeggaE8b,I11,No,87
R_2QDRaKKNeggaE8b,I12,No,60
R_2QDRaKKNeggaE8b,I13,Everyone,68
R_2QDRaKKNeggaE8b,I14,Everyone,60
R_2QDRaKKNeggaE8b,I15,Everyone,59
R_2QDRaKKNeggaE8b,I16,Everyone,63
R_2QDRaKKNeggaE8b,I17,Everyone,42
R_2QDRaKKNeggaE8b,I18,Everyone,56
R_Zh0ARQW0Bl7qxj3,I1,Some,67
R_Zh0ARQW0Bl7qxj3,I2,Some,23
R_Zh0ARQW0Bl7qxj3,I3,Some,65
R_Zh0ARQW0Bl7qxj3,I4,Some,89
R_Zh0ARQW0Bl7qxj3,I5,Some,50
R_Zh0ARQW0Bl7qxj3,I6,Some,23
R_Zh0ARQW0Bl7qxj3,I7,No,64
R_Zh0ARQW0Bl7qxj3,I8,No,85
R_Zh0ARQW0Bl7qxj3,I9,No,64
R_Zh0ARQW0Bl7qxj3,I10,No,63
R_Zh0ARQW0Bl7qxj3,I11,No,53
R_Zh0ARQW0Bl7qxj3,I12,No,76
R_Zh0ARQW0Bl7qxj3,I13,Everyone,50
R_Zh0ARQW0Bl7qxj3,I14,Everyone,86
R_Zh0ARQW0Bl7qxj3,I15,Everyone,85
R_Zh0ARQW0Bl7qxj3,I16,Everyone,91
R_Zh0ARQW0Bl7qxj3,I17,Everyone,77
R_Zh0ARQW0Bl7qxj3,I18,Everyone,88
R_2zjNVobmqhyjF9T,I1,Some,74
R_2zjNVobmqhyjF9T,I2,Some,48
R_2zjNVobmqhyjF9T,I3,Some,51
R_2zjNVobmqhyjF9T,I4,Some,48
R_2zjNVobmqhyjF9T,I5,Some,48
R_2zjNVobmqhyjF9T,I6,Some,52
R_2zjNVobmqhyjF9T,I7,No,34
R_2zjNVobmqhyjF9T,I8,No,80
R_2zjNVobmqhyjF9T,I9,No,15
R_2zjNVobmqhyjF9T,I10,No,10
R_2zjNVobmqhyjF9T,I11,No,20
R_2zjNVobmqhyjF9T,I12,No,92
R_2zjNVobmqhyjF9T,I13,Everyone,20
R_2zjNVobmqhyjF9T,I14,Everyone,86
R_2zjNVobmqhyjF9T,I15,Everyone,52
R_2zjNVobmqhyjF9T,I16,Everyone,56
R_2zjNVobmqhyjF9T,I17,Everyone,36
R_2zjNVobmqhyjF9T,I18,Everyone,32
R_5ywO2Gl5AA6Z9br,I1,Some,66
R_5ywO2Gl5AA6Z9br,I2,Some,35
R_5ywO2Gl5AA6Z9br,I3,Some,76
R_5ywO2Gl5AA6Z9br,I4,Some,46
R_5ywO2Gl5AA6Z9br,I5,Some,78
R_5ywO2Gl5AA6Z9br,I6,Some,31
R_5ywO2Gl5AA6Z9br,I7,No,26
R_5ywO2Gl5AA6Z9br,I8,No,92
R_5ywO2Gl5AA6Z9br,I9,No,18
R_5ywO2Gl5AA6Z9br,I10,No,60
R_5ywO2Gl5AA6Z9br,I11,No,18
R_5ywO2Gl5AA6Z9br,I12,No,66
R_5ywO2Gl5AA6Z9br,I13,Everyone,39
R_5ywO2Gl5AA6Z9br,I14,Everyone,59
R_5ywO2Gl5AA6Z9br,I15,Everyone,35
R_5ywO2Gl5AA6Z9br,I16,Everyone,13
R_5ywO2Gl5AA6Z9br,I17,Everyone,44
R_5ywO2Gl5AA6Z9br,I18,Everyone,39
R_12AcgauFHsw7mqv,I1,Some,80
R_12AcgauFHsw7mqv,I2,Some,42
R_12AcgauFHsw7mqv,I3,Some,37
R_12AcgauFHsw7mqv,I4,Some,68
R_12AcgauFHsw7mqv,I5,Some,75
R_12AcgauFHsw7mqv,I6,Some,51
R_12AcgauFHsw7mqv,I7,No,9
R_12AcgauFHsw7mqv,I8,No,78
R_12AcgauFHsw7mqv,I9,No,71
R_12AcgauFHsw7mqv,I10,No,70
R_12AcgauFHsw7mqv,I11,No,37
R_12AcgauFHsw7mqv,I12,No,81
R_12AcgauFHsw7mqv,I13,Everyone,43
R_12AcgauFHsw7mqv,I14,Everyone,63
R_12AcgauFHsw7mqv,I15,Everyone,59
R_12AcgauFHsw7mqv,I16,Everyone,84
R_12AcgauFHsw7mqv,I17,Everyone,83
R_12AcgauFHsw7mqv,I18,Everyone,44
R_1LOwnrPvPOGQvKn,I1,Some,49
R_1LOwnrPvPOGQvKn,I2,Some,77
R_1LOwnrPvPOGQvKn,I3,Some,53
R_1LOwnrPvPOGQvKn,I4,Some,77
R_1LOwnrPvPOGQvKn,I5,Some,73
R_1LOwnrPvPOGQvKn,I6,Some,63
R_1LOwnrPvPOGQvKn,I7,No,69
R_1LOwnrPvPOGQvKn,I8,No,88
R_1LOwnrPvPOGQvKn,I9,No,45
R_1LOwnrPvPOGQvKn,I10,No,75
R_1LOwnrPvPOGQvKn,I11,No,25
R_1LOwnrPvPOGQvKn,I12,No,51
R_1LOwnrPvPOGQvKn,I13,Everyone,70
R_1LOwnrPvPOGQvKn,I14,Everyone,40
R_1LOwnrPvPOGQvKn,I15,Everyone,49
R_1LOwnrPvPOGQvKn,I16,Everyone,66
R_1LOwnrPvPOGQvKn,I17,Everyone,74
R_1LOwnrPvPOGQvKn,I18,Everyone,62
R_1luZwP0BX6OYhgS,I1,Some,36
R_1luZwP0BX6OYhgS,I2,Some,40
R_1luZwP0BX6OYhgS,I3,Some,80
R_1luZwP0BX6OYhgS,I4,Some,55
R_1luZwP0BX6OYhgS,I5,Some,35
R_1luZwP0BX6OYhgS,I6,Some,45
R_1luZwP0BX6OYhgS,I7,No,65
R_1luZwP0BX6OYhgS,I8,No,95
R_1luZwP0BX6OYhgS,I9,No,20
R_1luZwP0BX6OYhgS,I10,No,69
R_1luZwP0BX6OYhgS,I11,No,84
R_1luZwP0BX6OYhgS,I12,No,65
R_1luZwP0BX6OYhgS,I13,Everyone,55
R_1luZwP0BX6OYhgS,I14,Everyone,75
R_1luZwP0BX6OYhgS,I15,Everyone,40
R_1luZwP0BX6OYhgS,I16,Everyone,60
R_1luZwP0BX6OYhgS,I17,Everyone,36
R_1luZwP0BX6OYhgS,I18,Everyone,45
R_u4AlXyV756dyePf,I1,Some,65
R_u4AlXyV756dyePf,I2,Some,37
R_u4AlXyV756dyePf,I3,Some,91
R_u4AlXyV756dyePf,I4,Some,90
R_u4AlXyV756dyePf,I5,Some,85
R_u4AlXyV756dyePf,I6,Some,67
R_u4AlXyV756dyePf,I7,No,14
R_u4AlXyV756dyePf,I8,No,64
R_u4AlXyV756dyePf,I9,No,40
R_u4AlXyV756dyePf,I10,No,100
R_u4AlXyV756dyePf,I11,No,78
R_u4AlXyV756dyePf,I12,No,75
R_u4AlXyV756dyePf,I13,Everyone,89
R_u4AlXyV756dyePf,I14,Everyone,80
R_u4AlXyV756dyePf,I15,Everyone,78
R_u4AlXyV756dyePf,I16,Everyone,79
R_u4AlXyV756dyePf,I17,Everyone,55
R_u4AlXyV756dyePf,I18,Everyone,82
R_2TB3KUWRHJ5UfZO,I1,Some,60
R_2TB3KUWRHJ5UfZO,I2,Some,40
R_2TB3KUWRHJ5UfZO,I3,Some,50
R_2TB3KUWRHJ5UfZO,I4,Some,100
R_2TB3KUWRHJ5UfZO,I5,Some,40
R_2TB3KUWRHJ5UfZO,I6,Some,75
R_2TB3KUWRHJ5UfZO,I7,No,5
R_2TB3KUWRHJ5UfZO,I8,No,15
R_2TB3KUWRHJ5UfZO,I9,No,20
R_2TB3KUWRHJ5UfZO,I10,No,75
R_2TB3KUWRHJ5UfZO,I11,No,5
R_2TB3KUWRHJ5UfZO,I12,No,70
R_2TB3KUWRHJ5UfZO,I13,Everyone,10
R_2TB3KUWRHJ5UfZO,I14,Everyone,15
R_2TB3KUWRHJ5UfZO,I15,Everyone,40
R_2TB3KUWRHJ5UfZO,I16,Everyone,90
R_2TB3KUWRHJ5UfZO,I17,Everyone,98
R_2TB3KUWRHJ5UfZO,I18,Everyone,75
R_wXcr8lkO5s8V4Vb,I1,Some,76
R_wXcr8lkO5s8V4Vb,I2,Some,20
R_wXcr8lkO5s8V4Vb,I3,Some,60
R_wXcr8lkO5s8V4Vb,I4,Some,65
R_wXcr8lkO5s8V4Vb,I5,Some,32
R_wXcr8lkO5s8V4Vb,I6,Some,45
R_wXcr8lkO5s8V4Vb,I7,No,37
R_wXcr8lkO5s8V4Vb,I8,No,62
R_wXcr8lkO5s8V4Vb,I9,No,18
R_wXcr8lkO5s8V4Vb,I10,No,70
R_wXcr8lkO5s8V4Vb,I11,No,88
R_wXcr8lkO5s8V4Vb,I12,No,81
R_wXcr8lkO5s8V4Vb,I13,Everyone,74
R_wXcr8lkO5s8V4Vb,I14,Everyone,65
R_wXcr8lkO5s8V4Vb,I15,Everyone,53
R_wXcr8lkO5s8V4Vb,I16,Everyone,54
R_wXcr8lkO5s8V4Vb,I17,Everyone,70
R_wXcr8lkO5s8V4Vb,I18,Everyone,35
R_2yjSGRHaj8u7QBt,I1,Some,86
R_2yjSGRHaj8u7QBt,I2,Some,84
R_2yjSGRHaj8u7QBt,I3,Some,89
R_2yjSGRHaj8u7QBt,I4,Some,79
R_2yjSGRHaj8u7QBt,I5,Some,70
R_2yjSGRHaj8u7QBt,I6,Some,55
R_2yjSGRHaj8u7QBt,I7,No,60
R_2yjSGRHaj8u7QBt,I8,No,83
R_2yjSGRHaj8u7QBt,I9,No,42
R_2yjSGRHaj8u7QBt,I10,No,81
R_2yjSGRHaj8u7QBt,I11,No,85
R_2yjSGRHaj8u7QBt,I12,No,49
R_2yjSGRHaj8u7QBt,I13,Everyone,62
R_2yjSGRHaj8u7QBt,I14,Everyone,45
R_2yjSGRHaj8u7QBt,I15,Everyone,44
R_2yjSGRHaj8u7QBt,I16,Everyone,34
R_2yjSGRHaj8u7QBt,I17,Everyone,79
R_2yjSGRHaj8u7QBt,I18,Everyone,63
R_31L84WzhkWomRsb,I1,Some,58
R_31L84WzhkWomRsb,I2,Some,15
R_31L84WzhkWomRsb,I3,Some,36
R_31L84WzhkWomRsb,I4,Some,60
R_31L84WzhkWomRsb,I5,Some,40
R_31L84WzhkWomRsb,I6,Some,40
R_31L84WzhkWomRsb,I7,No,10
R_31L84WzhkWomRsb,I8,No,25
R_31L84WzhkWomRsb,I9,No,35
R_31L84WzhkWomRsb,I10,No,50
R_31L84WzhkWomRsb,I11,No,50
R_31L84WzhkWomRsb,I12,No,75
R_31L84WzhkWomRsb,I13,Everyone,55
R_31L84WzhkWomRsb,I14,Everyone,51
R_31L84WzhkWomRsb,I15,Everyone,60
R_31L84WzhkWomRsb,I16,Everyone,55
R_31L84WzhkWomRsb,I17,Everyone,90
R_31L84WzhkWomRsb,I18,Everyone,32
R_3KGU2zKXFeKMB30,I1,Some,50
R_3KGU2zKXFeKMB30,I2,Some,40
R_3KGU2zKXFeKMB30,I3,Some,50
R_3KGU2zKXFeKMB30,I4,Some,65
R_3KGU2zKXFeKMB30,I5,Some,60
R_3KGU2zKXFeKMB30,I6,Some,20
R_3KGU2zKXFeKMB30,I7,No,40
R_3KGU2zKXFeKMB30,I8,No,65
R_3KGU2zKXFeKMB30,I9,No,15
R_3KGU2zKXFeKMB30,I10,No,76
R_3KGU2zKXFeKMB30,I11,No,85
R_3KGU2zKXFeKMB30,I12,No,80
R_3KGU2zKXFeKMB30,I13,Everyone,50
R_3KGU2zKXFeKMB30,I14,Everyone,75
R_3KGU2zKXFeKMB30,I15,Everyone,50
R_3KGU2zKXFeKMB30,I16,Everyone,50
R_3KGU2zKXFeKMB30,I17,Everyone,50
R_3KGU2zKXFeKMB30,I18,Everyone,50
R_UR3gwwGNe5AyyOJ,I1,Some,81
R_UR3gwwGNe5AyyOJ,I2,Some,51
R_UR3gwwGNe5AyyOJ,I3,Some,78
R_UR3gwwGNe5AyyOJ,I4,Some,78
R_UR3gwwGNe5AyyOJ,I5,Some,49
R_UR3gwwGNe5AyyOJ,I6,Some,51
R_UR3gwwGNe5AyyOJ,I7,No,30
R_UR3gwwGNe5AyyOJ,I8,No,80
R_UR3gwwGNe5AyyOJ,I9,No,100
R_UR3gwwGNe5AyyOJ,I10,No,83
R_UR3gwwGNe5AyyOJ,I11,No,68
R_UR3gwwGNe5AyyOJ,I12,No,72
R_UR3gwwGNe5AyyOJ,I13,Everyone,81
R_UR3gwwGNe5AyyOJ,I14,Everyone,94
R_UR3gwwGNe5AyyOJ,I15,Everyone,80
R_UR3gwwGNe5AyyOJ,I16,Everyone,80
R_UR3gwwGNe5AyyOJ,I17,Everyone,66
R_UR3gwwGNe5AyyOJ,I18,Everyone,64
R_23fB4uNspFnOZV5,I1,Some,33
R_23fB4uNspFnOZV5,I2,Some,22
R_23fB4uNspFnOZV5,I3,Some,48
R_23fB4uNspFnOZV5,I4,Some,53
R_23fB4uNspFnOZV5,I5,Some,62
R_23fB4uNspFnOZV5,I6,Some,41
R_23fB4uNspFnOZV5,I7,No,13
R_23fB4uNspFnOZV5,I8,No,54
R_23fB4uNspFnOZV5,I9,No,19
R_23fB4uNspFnOZV5,I10,No,78
R_23fB4uNspFnOZV5,I11,No,61
R_23fB4uNspFnOZV5,I12,No,84
R_23fB4uNspFnOZV5,I13,Everyone,57
R_23fB4uNspFnOZV5,I14,Everyone,87
R_23fB4uNspFnOZV5,I15,Everyone,67
R_23fB4uNspFnOZV5,I16,Everyone,53
R_23fB4uNspFnOZV5,I17,Everyone,37
R_23fB4uNspFnOZV5,I18,Everyone,41
R_3njBsvV8dow8OCT,I1,Some,63
R_3njBsvV8dow8OCT,I2,Some,52
R_3njBsvV8dow8OCT,I3,Some,34
R_3njBsvV8dow8OCT,I4,Some,76
R_3njBsvV8dow8OCT,I5,Some,75
R_3njBsvV8dow8OCT,I6,Some,42
R_3njBsvV8dow8OCT,I7,No,25
R_3njBsvV8dow8OCT,I8,No,69
R_3njBsvV8dow8OCT,I9,No,25
R_3njBsvV8dow8OCT,I10,No,69
R_3njBsvV8dow8OCT,I11,No,75
R_3njBsvV8dow8OCT,I12,No,63
R_3njBsvV8dow8OCT,I13,Everyone,65
R_3njBsvV8dow8OCT,I14,Everyone,67
R_3njBsvV8dow8OCT,I15,Everyone,65
R_3njBsvV8dow8OCT,I16,Everyone,78
R_3njBsvV8dow8OCT,I17,Everyone,37
R_3njBsvV8dow8OCT,I18,Everyone,24
R_1ieMz7fLiEKvt2g,I1,Some,45
R_1ieMz7fLiEKvt2g,I2,Some,50
R_1ieMz7fLiEKvt2g,I3,Some,88
R_1ieMz7fLiEKvt2g,I4,Some,85
R_1ieMz7fLiEKvt2g,I5,Some,59
R_1ieMz7fLiEKvt2g,I6,Some,40
R_1ieMz7fLiEKvt2g,I7,No,15
R_1ieMz7fLiEKvt2g,I8,No,20
R_1ieMz7fLiEKvt2g,I9,No,55
R_1ieMz7fLiEKvt2g,I10,No,70
R_1ieMz7fLiEKvt2g,I11,No,80
R_1ieMz7fLiEKvt2g,I12,No,55
R_1ieMz7fLiEKvt2g,I13,Everyone,20
R_1ieMz7fLiEKvt2g,I14,Everyone,61
R_1ieMz7fLiEKvt2g,I15,Everyone,29
R_1ieMz7fLiEKvt2g,I16,Everyone,20
R_1ieMz7fLiEKvt2g,I17,Everyone,11
R_1ieMz7fLiEKvt2g,I18,Everyone,23
R_73g8HcXqzt29XXP,I1,Some,89
R_73g8HcXqzt29XXP,I2,Some,75
R_73g8HcXqzt29XXP,I3,Some,93
R_73g8HcXqzt29XXP,I4,Some,87
R_73g8HcXqzt29XXP,I5,Some,76
R_73g8HcXqzt29XXP,I6,Some,72
R_73g8HcXqzt29XXP,I7,No,28
R_73g8HcXqzt29XXP,I8,No,95
R_73g8HcXqzt29XXP,I9,No,68
R_73g8HcXqzt29XXP,I10,No,100
R_73g8HcXqzt29XXP,I11,No,84
R_73g8HcXqzt29XXP,I12,No,92
R_73g8HcXqzt29XXP,I13,Everyone,32
R_73g8HcXqzt29XXP,I14,Everyone,90
R_73g8HcXqzt29XXP,I15,Everyone,89
R_73g8HcXqzt29XXP,I16,Everyone,97
R_73g8HcXqzt29XXP,I17,Everyone,98
R_73g8HcXqzt29XXP,I18,Everyone,94
R_3PbFqR8GfiLC3z1,I1,Some,64
R_3PbFqR8GfiLC3z1,I2,Some,49
R_3PbFqR8GfiLC3z1,I3,Some,40
R_3PbFqR8GfiLC3z1,I4,Some,56
R_3PbFqR8GfiLC3z1,I5,Some,60
R_3PbFqR8GfiLC3z1,I6,Some,52
R_3PbFqR8GfiLC3z1,I7,No,29
R_3PbFqR8GfiLC3z1,I8,No,74
R_3PbFqR8GfiLC3z1,I9,No,60
R_3PbFqR8GfiLC3z1,I10,No,64
R_3PbFqR8GfiLC3z1,I11,No,59
R_3PbFqR8GfiLC3z1,I12,No,75
R_3PbFqR8GfiLC3z1,I13,Everyone,71
R_3PbFqR8GfiLC3z1,I14,Everyone,51
R_3PbFqR8GfiLC3z1,I15,Everyone,62
R_3PbFqR8GfiLC3z1,I16,Everyone,54
R_3PbFqR8GfiLC3z1,I17,Everyone,49
R_3PbFqR8GfiLC3z1,I18,Everyone,48
R_2vcbqhyj9nOpbkV,I1,Some,84
R_2vcbqhyj9nOpbkV,I2,Some,47
R_2vcbqhyj9nOpbkV,I3,Some,75
R_2vcbqhyj9nOpbkV,I4,Some,89
R_2vcbqhyj9nOpbkV,I5,Some,80
R_2vcbqhyj9nOpbkV,I6,Some,42
R_2vcbqhyj9nOpbkV,I7,No,25
R_2vcbqhyj9nOpbkV,I8,No,88
R_2vcbqhyj9nOpbkV,I9,No,45
R_2vcbqhyj9nOpbkV,I10,No,84
R_2vcbqhyj9nOpbkV,I11,No,52
R_2vcbqhyj9nOpbkV,I12,No,47
R_2vcbqhyj9nOpbkV,I13,Everyone,68
R_2vcbqhyj9nOpbkV,I14,Everyone,76
R_2vcbqhyj9nOpbkV,I15,Everyone,72
R_2vcbqhyj9nOpbkV,I16,Everyone,70
R_2vcbqhyj9nOpbkV,I17,Everyone,58
R_2vcbqhyj9nOpbkV,I18,Everyone,73
R_2qxhOHlDD9oiCHV,I1,Some,65
R_2qxhOHlDD9oiCHV,I2,Some,63
R_2qxhOHlDD9oiCHV,I3,Some,62
R_2qxhOHlDD9oiCHV,I4,Some,31
R_2qxhOHlDD9oiCHV,I5,Some,75
R_2qxhOHlDD9oiCHV,I6,Some,59
R_2qxhOHlDD9oiCHV,I7,No,37
R_2qxhOHlDD9oiCHV,I8,No,80
R_2qxhOHlDD9oiCHV,I9,No,59
R_2qxhOHlDD9oiCHV,I10,No,25
R_2qxhOHlDD9oiCHV,I11,No,75
R_2qxhOHlDD9oiCHV,I12,No,76
R_2qxhOHlDD9oiCHV,I13,Everyone,68
R_2qxhOHlDD9oiCHV,I14,Everyone,63
R_2qxhOHlDD9oiCHV,I15,Everyone,82
R_2qxhOHlDD9oiCHV,I16,Everyone,7
R_2qxhOHlDD9oiCHV,I17,Everyone,51
R_2qxhOHlDD9oiCHV,I18,Everyone,39
R_ZktKgNvbqe2qTZL,I1,Some,91
R_ZktKgNvbqe2qTZL,I2,Some,21
R_ZktKgNvbqe2qTZL,I3,Some,92
R_ZktKgNvbqe2qTZL,I4,Some,90
R_ZktKgNvbqe2qTZL,I5,Some,77
R_ZktKgNvbqe2qTZL,I6,Some,47
R_ZktKgNvbqe2qTZL,I7,No,92
R_ZktKgNvbqe2qTZL,I8,No,91
R_ZktKgNvbqe2qTZL,I9,No,23
R_ZktKgNvbqe2qTZL,I10,No,96
R_ZktKgNvbqe2qTZL,I11,No,64
R_ZktKgNvbqe2qTZL,I12,No,93
R_ZktKgNvbqe2qTZL,I13,Everyone,30
R_ZktKgNvbqe2qTZL,I14,Everyone,52
R_ZktKgNvbqe2qTZL,I15,Everyone,82
R_ZktKgNvbqe2qTZL,I16,Everyone,86
R_ZktKgNvbqe2qTZL,I17,Everyone,71
R_ZktKgNvbqe2qTZL,I18,Everyone,72
R_DbBBoLwN7u1lHs5,I1,Some,83
R_DbBBoLwN7u1lHs5,I2,Some,43
R_DbBBoLwN7u1lHs5,I3,Some,78
R_DbBBoLwN7u1lHs5,I4,Some,54
R_DbBBoLwN7u1lHs5,I5,Some,43
R_DbBBoLwN7u1lHs5,I6,Some,36
R_DbBBoLwN7u1lHs5,I7,No,38
R_DbBBoLwN7u1lHs5,I8,No,79
R_DbBBoLwN7u1lHs5,I9,No,35
R_DbBBoLwN7u1lHs5,I10,No,66
R_DbBBoLwN7u1lHs5,I11,No,63
R_DbBBoLwN7u1lHs5,I12,No,51
R_DbBBoLwN7u1lHs5,I13,Everyone,48
R_DbBBoLwN7u1lHs5,I14,Everyone,91
R_DbBBoLwN7u1lHs5,I15,Everyone,66
R_DbBBoLwN7u1lHs5,I16,Everyone,38
R_DbBBoLwN7u1lHs5,I17,Everyone,76
R_DbBBoLwN7u1lHs5,I18,Everyone,50
R_3DpurUVgBxxAVqR,I1,Some,50
R_3DpurUVgBxxAVqR,I2,Some,30
R_3DpurUVgBxxAVqR,I3,Some,100
R_3DpurUVgBxxAVqR,I4,Some,50
R_3DpurUVgBxxAVqR,I5,Some,60
R_3DpurUVgBxxAVqR,I6,Some,50
R_3DpurUVgBxxAVqR,I7,No,37
R_3DpurUVgBxxAVqR,I8,No,75
R_3DpurUVgBxxAVqR,I9,No,47
R_3DpurUVgBxxAVqR,I10,No,48
R_3DpurUVgBxxAVqR,I11,No,70
R_3DpurUVgBxxAVqR,I12,No,51
R_3DpurUVgBxxAVqR,I13,Everyone,50
R_3DpurUVgBxxAVqR,I14,Everyone,75
R_3DpurUVgBxxAVqR,I15,Everyone,75
R_3DpurUVgBxxAVqR,I16,Everyone,52
R_3DpurUVgBxxAVqR,I17,Everyone,100
R_3DpurUVgBxxAVqR,I18,Everyone,51
R_30c0bPgX12dUUZK,I1,Some,75
R_30c0bPgX12dUUZK,I2,Some,64
R_30c0bPgX12dUUZK,I3,Some,90
R_30c0bPgX12dUUZK,I4,Some,77
R_30c0bPgX12dUUZK,I5,Some,61
R_30c0bPgX12dUUZK,I6,Some,50
R_30c0bPgX12dUUZK,I7,No,51
R_30c0bPgX12dUUZK,I8,No,88
R_30c0bPgX12dUUZK,I9,No,94
R_30c0bPgX12dUUZK,I10,No,89
R_30c0bPgX12dUUZK,I11,No,94
R_30c0bPgX12dUUZK,I12,No,69
R_30c0bPgX12dUUZK,I13,Everyone,93
R_30c0bPgX12dUUZK,I14,Everyone,96
R_30c0bPgX12dUUZK,I15,Everyone,76
R_30c0bPgX12dUUZK,I16,Everyone,52
R_30c0bPgX12dUUZK,I17,Everyone,79
R_30c0bPgX12dUUZK,I18,Everyone,79
R_31oLysjwalp7a5W,I1,Some,50
R_31oLysjwalp7a5W,I2,Some,35
R_31oLysjwalp7a5W,I3,Some,25
R_31oLysjwalp7a5W,I4,Some,50
R_31oLysjwalp7a5W,I5,Some,50
R_31oLysjwalp7a5W,I6,Some,50
R_31oLysjwalp7a5W,I7,No,39
R_31oLysjwalp7a5W,I8,No,100
R_31oLysjwalp7a5W,I9,No,25
R_31oLysjwalp7a5W,I10,No,63
R_31oLysjwalp7a5W,I11,No,50
R_31oLysjwalp7a5W,I12,No,37
R_31oLysjwalp7a5W,I13,Everyone,50
R_31oLysjwalp7a5W,I14,Everyone,50
R_31oLysjwalp7a5W,I15,Everyone,50
R_31oLysjwalp7a5W,I16,Everyone,50
R_31oLysjwalp7a5W,I17,Everyone,50
R_31oLysjwalp7a5W,I18,Everyone,51
R_0xG1JJZjoGHijYJ,I1,Some,78
R_0xG1JJZjoGHijYJ,I2,Some,40
R_0xG1JJZjoGHijYJ,I3,Some,28
R_0xG1JJZjoGHijYJ,I4,Some,85
R_0xG1JJZjoGHijYJ,I5,Some,66
R_0xG1JJZjoGHijYJ,I6,Some,38
R_0xG1JJZjoGHijYJ,I7,No,51
R_0xG1JJZjoGHijYJ,I8,No,91
R_0xG1JJZjoGHijYJ,I9,No,75
R_0xG1JJZjoGHijYJ,I10,No,68
R_0xG1JJZjoGHijYJ,I11,No,61
R_0xG1JJZjoGHijYJ,I12,No,42
R_0xG1JJZjoGHijYJ,I13,Everyone,25
R_0xG1JJZjoGHijYJ,I14,Everyone,77
R_0xG1JJZjoGHijYJ,I15,Everyone,40
R_0xG1JJZjoGHijYJ,I16,Everyone,43
R_0xG1JJZjoGHijYJ,I17,Everyone,52
R_0xG1JJZjoGHijYJ,I18,Everyone,51
R_28H6gMzCFSIkTbS,I1,Some,37
R_28H6gMzCFSIkTbS,I2,Some,53
R_28H6gMzCFSIkTbS,I3,Some,60
R_28H6gMzCFSIkTbS,I4,Some,15
R_28H6gMzCFSIkTbS,I5,Some,64
R_28H6gMzCFSIkTbS,I6,Some,83
R_28H6gMzCFSIkTbS,I7,No,66
R_28H6gMzCFSIkTbS,I8,No,85
R_28H6gMzCFSIkTbS,I9,No,88
R_28H6gMzCFSIkTbS,I10,No,76
R_28H6gMzCFSIkTbS,I11,No,83
R_28H6gMzCFSIkTbS,I12,No,81
R_28H6gMzCFSIkTbS,I13,Everyone,57
R_28H6gMzCFSIkTbS,I14,Everyone,93
R_28H6gMzCFSIkTbS,I15,Everyone,84
R_28H6gMzCFSIkTbS,I16,Everyone,84
R_28H6gMzCFSIkTbS,I17,Everyone,55
R_28H6gMzCFSIkTbS,I18,Everyone,59
R_24GmPTuT5OBgzLu,I1,Some,35
R_24GmPTuT5OBgzLu,I2,Some,69
R_24GmPTuT5OBgzLu,I3,Some,69
R_24GmPTuT5OBgzLu,I4,Some,78
R_24GmPTuT5OBgzLu,I5,Some,74
R_24GmPTuT5OBgzLu,I6,Some,56
R_24GmPTuT5OBgzLu,I7,No,12
R_24GmPTuT5OBgzLu,I8,No,72
R_24GmPTuT5OBgzLu,I9,No,25
R_24GmPTuT5OBgzLu,I10,No,43
R_24GmPTuT5OBgzLu,I11,No,76
R_24GmPTuT5OBgzLu,I12,No,76
R_24GmPTuT5OBgzLu,I13,Everyone,85
R_24GmPTuT5OBgzLu,I14,Everyone,62
R_24GmPTuT5OBgzLu,I15,Everyone,36
R_24GmPTuT5OBgzLu,I16,Everyone,76
R_24GmPTuT5OBgzLu,I17,Everyone,21
R_24GmPTuT5OBgzLu,I18,Everyone,35
R_11bWOFGhLSX8Ps9,I1,Some,45
R_11bWOFGhLSX8Ps9,I2,Some,16
R_11bWOFGhLSX8Ps9,I3,Some,73
R_11bWOFGhLSX8Ps9,I4,Some,50
R_11bWOFGhLSX8Ps9,I5,Some,51
R_11bWOFGhLSX8Ps9,I6,Some,39
R_11bWOFGhLSX8Ps9,I7,No,26
R_11bWOFGhLSX8Ps9,I8,No,72
R_11bWOFGhLSX8Ps9,I9,No,65
R_11bWOFGhLSX8Ps9,I10,No,49
R_11bWOFGhLSX8Ps9,I11,No,74
R_11bWOFGhLSX8Ps9,I12,No,80
R_11bWOFGhLSX8Ps9,I13,Everyone,25
R_11bWOFGhLSX8Ps9,I14,Everyone,58
R_11bWOFGhLSX8Ps9,I15,Everyone,75
R_11bWOFGhLSX8Ps9,I16,Everyone,56
R_11bWOFGhLSX8Ps9,I17,Everyone,62
R_11bWOFGhLSX8Ps9,I18,Everyone,40
R_TiMIlckNGtnvoFX,I1,Some,50
R_TiMIlckNGtnvoFX,I2,Some,80
R_TiMIlckNGtnvoFX,I3,Some,55
R_TiMIlckNGtnvoFX,I4,Some,25
R_TiMIlckNGtnvoFX,I5,Some,50
R_TiMIlckNGtnvoFX,I6,Some,65
R_TiMIlckNGtnvoFX,I7,No,15
R_TiMIlckNGtnvoFX,I8,No,80
R_TiMIlckNGtnvoFX,I9,No,50
R_TiMIlckNGtnvoFX,I10,No,95
R_TiMIlckNGtnvoFX,I11,No,75
R_TiMIlckNGtnvoFX,I12,No,65
R_TiMIlckNGtnvoFX,I13,Everyone,50
R_TiMIlckNGtnvoFX,I14,Everyone,98
R_TiMIlckNGtnvoFX,I15,Everyone,30
R_TiMIlckNGtnvoFX,I16,Everyone,90
R_TiMIlckNGtnvoFX,I17,Everyone,70
R_TiMIlckNGtnvoFX,I18,Everyone,85
R_1hKHvjZmUfLKKSp,I1,Some,85
R_1hKHvjZmUfLKKSp,I2,Some,43
R_1hKHvjZmUfLKKSp,I3,Some,85
R_1hKHvjZmUfLKKSp,I4,Some,75
R_1hKHvjZmUfLKKSp,I5,Some,70
R_1hKHvjZmUfLKKSp,I6,Some,81
R_1hKHvjZmUfLKKSp,I7,No,22
R_1hKHvjZmUfLKKSp,I8,No,60
R_1hKHvjZmUfLKKSp,I9,No,64
R_1hKHvjZmUfLKKSp,I10,No,89
R_1hKHvjZmUfLKKSp,I11,No,85
R_1hKHvjZmUfLKKSp,I12,No,75
R_1hKHvjZmUfLKKSp,I13,Everyone,93
R_1hKHvjZmUfLKKSp,I14,Everyone,84
R_1hKHvjZmUfLKKSp,I15,Everyone,83
R_1hKHvjZmUfLKKSp,I16,Everyone,89
R_1hKHvjZmUfLKKSp,I17,Everyone,78
R_1hKHvjZmUfLKKSp,I18,Everyone,55
R_3GqAmm5FAe7qagt,I1,Some,72
R_3GqAmm5FAe7qagt,I2,Some,50
R_3GqAmm5FAe7qagt,I3,Some,85
R_3GqAmm5FAe7qagt,I4,Some,28
R_3GqAmm5FAe7qagt,I5,Some,40
R_3GqAmm5FAe7qagt,I6,Some,45
R_3GqAmm5FAe7qagt,I7,No,56
R_3GqAmm5FAe7qagt,I8,No,81
R_3GqAmm5FAe7qagt,I9,No,75
R_3GqAmm5FAe7qagt,I10,No,65
R_3GqAmm5FAe7qagt,I11,No,90
R_3GqAmm5FAe7qagt,I12,No,55
R_3GqAmm5FAe7qagt,I13,Everyone,68
R_3GqAmm5FAe7qagt,I14,Everyone,30
R_3GqAmm5FAe7qagt,I15,Everyone,60
R_3GqAmm5FAe7qagt,I16,Everyone,97
R_3GqAmm5FAe7qagt,I17,Everyone,64
R_3GqAmm5FAe7qagt,I18,Everyone,44
R_3snzuf8z53X92lY,I1,Some,60
R_3snzuf8z53X92lY,I2,Some,45
R_3snzuf8z53X92lY,I3,Some,94
R_3snzuf8z53X92lY,I4,Some,78
R_3snzuf8z53X92lY,I5,Some,65
R_3snzuf8z53X92lY,I6,Some,63
R_3snzuf8z53X92lY,I7,No,33
R_3snzuf8z53X92lY,I8,No,96
R_3snzuf8z53X92lY,I9,No,60
R_3snzuf8z53X92lY,I10,No,86
R_3snzuf8z53X92lY,I11,No,14
R_3snzuf8z53X92lY,I12,No,76
R_3snzuf8z53X92lY,I13,Everyone,30
R_3snzuf8z53X92lY,I14,Everyone,83
R_3snzuf8z53X92lY,I15,Everyone,60
R_3snzuf8z53X92lY,I16,Everyone,54
R_3snzuf8z53X92lY,I17,Everyone,75
R_3snzuf8z53X92lY,I18,Everyone,28
R_3rMN6r93vb8zG3t,I1,Some,35
R_3rMN6r93vb8zG3t,I2,Some,30
R_3rMN6r93vb8zG3t,I3,Some,70
R_3rMN6r93vb8zG3t,I4,Some,95
R_3rMN6r93vb8zG3t,I5,Some,55
R_3rMN6r93vb8zG3t,I6,Some,25
R_3rMN6r93vb8zG3t,I7,No,65
R_3rMN6r93vb8zG3t,I8,No,65
R_3rMN6r93vb8zG3t,I9,No,40
R_3rMN6r93vb8zG3t,I10,No,80
R_3rMN6r93vb8zG3t,I11,No,15
R_3rMN6r93vb8zG3t,I12,No,60
R_3rMN6r93vb8zG3t,I13,Everyone,80
R_3rMN6r93vb8zG3t,I14,Everyone,85
R_3rMN6r93vb8zG3t,I15,Everyone,60
R_3rMN6r93vb8zG3t,I16,Everyone,65
R_3rMN6r93vb8zG3t,I17,Everyone,75
R_3rMN6r93vb8zG3t,I18,Everyone,65
R_1hQD9tjSJXB8AVe,I1,Some,58
R_1hQD9tjSJXB8AVe,I2,Some,60
R_1hQD9tjSJXB8AVe,I3,Some,100
R_1hQD9tjSJXB8AVe,I4,Some,76
R_1hQD9tjSJXB8AVe,I5,Some,81
R_1hQD9tjSJXB8AVe,I6,Some,34
R_1hQD9tjSJXB8AVe,I7,No,39
R_1hQD9tjSJXB8AVe,I8,No,100
R_1hQD9tjSJXB8AVe,I9,No,77
R_1hQD9tjSJXB8AVe,I10,No,100
R_1hQD9tjSJXB8AVe,I11,No,61
R_1hQD9tjSJXB8AVe,I12,No,94
R_1hQD9tjSJXB8AVe,I13,Everyone,75
R_1hQD9tjSJXB8AVe,I14,Everyone,87
R_1hQD9tjSJXB8AVe,I15,Everyone,39
R_1hQD9tjSJXB8AVe,I16,Everyone,83
R_1hQD9tjSJXB8AVe,I17,Everyone,100
R_1hQD9tjSJXB8AVe,I18,Everyone,95
R_PuIKx4KTlc8GtuV,I1,Some,52
R_PuIKx4KTlc8GtuV,I2,Some,73
R_PuIKx4KTlc8GtuV,I3,Some,82
R_PuIKx4KTlc8GtuV,I4,Some,68
R_PuIKx4KTlc8GtuV,I5,Some,54
R_PuIKx4KTlc8GtuV,I6,Some,37
R_PuIKx4KTlc8GtuV,I7,No,5
R_PuIKx4KTlc8GtuV,I8,No,47
R_PuIKx4KTlc8GtuV,I9,No,6
R_PuIKx4KTlc8GtuV,I10,No,41
R_PuIKx4KTlc8GtuV,I11,No,85
R_PuIKx4KTlc8GtuV,I12,No,86
R_PuIKx4KTlc8GtuV,I13,Everyone,24
R_PuIKx4KTlc8GtuV,I14,Everyone,34
R_PuIKx4KTlc8GtuV,I15,Everyone,50
R_PuIKx4KTlc8GtuV,I16,Everyone,49
R_PuIKx4KTlc8GtuV,I17,Everyone,11
R_PuIKx4KTlc8GtuV,I18,Everyone,32
R_264mOMXavpcOHsE,I1,Some,25
R_264mOMXavpcOHsE,I2,Some,40
R_264mOMXavpcOHsE,I3,Some,66
R_264mOMXavpcOHsE,I4,Some,87
R_264mOMXavpcOHsE,I5,Some,78
R_264mOMXavpcOHsE,I6,Some,22
R_264mOMXavpcOHsE,I7,No,27
R_264mOMXavpcOHsE,I8,No,54
R_264mOMXavpcOHsE,I9,No,35
R_264mOMXavpcOHsE,I10,No,80
R_264mOMXavpcOHsE,I11,No,72
R_264mOMXavpcOHsE,I12,No,68
R_264mOMXavpcOHsE,I13,Everyone,50
R_264mOMXavpcOHsE,I14,Everyone,70
R_264mOMXavpcOHsE,I15,Everyone,69
R_264mOMXavpcOHsE,I16,Everyone,65
R_264mOMXavpcOHsE,I17,Everyone,85
R_264mOMXavpcOHsE,I18,Everyone,79
R_2SDKSTrnxL8cAzF,I1,Some,100
R_2SDKSTrnxL8cAzF,I2,Some,32
R_2SDKSTrnxL8cAzF,I3,Some,53
R_2SDKSTrnxL8cAzF,I4,Some,64
R_2SDKSTrnxL8cAzF,I5,Some,40
R_2SDKSTrnxL8cAzF,I6,Some,68
R_2SDKSTrnxL8cAzF,I7,No,22
R_2SDKSTrnxL8cAzF,I8,No,89
R_2SDKSTrnxL8cAzF,I9,No,57
R_2SDKSTrnxL8cAzF,I10,No,67
R_2SDKSTrnxL8cAzF,I11,No,80
R_2SDKSTrnxL8cAzF,I12,No,92
R_2SDKSTrnxL8cAzF,I13,Everyone,64
R_2SDKSTrnxL8cAzF,I14,Everyone,88
R_2SDKSTrnxL8cAzF,I15,Everyone,44
R_2SDKSTrnxL8cAzF,I16,Everyone,86
R_2SDKSTrnxL8cAzF,I17,Everyone,52
R_2SDKSTrnxL8cAzF,I18,Everyone,66
R_08QdsHlOuNvEEUx,I1,No,64
R_08QdsHlOuNvEEUx,I2,No,24
R_08QdsHlOuNvEEUx,I3,No,21
R_08QdsHlOuNvEEUx,I4,No,30
R_08QdsHlOuNvEEUx,I5,No,78
R_08QdsHlOuNvEEUx,I6,No,18
R_08QdsHlOuNvEEUx,I7,Everyone,17
R_08QdsHlOuNvEEUx,I8,Everyone,88
R_08QdsHlOuNvEEUx,I9,Everyone,37
R_08QdsHlOuNvEEUx,I10,Everyone,68
R_08QdsHlOuNvEEUx,I11,Everyone,59
R_08QdsHlOuNvEEUx,I12,Everyone,60
R_08QdsHlOuNvEEUx,I13,Some,95
R_08QdsHlOuNvEEUx,I14,Some,88
R_08QdsHlOuNvEEUx,I15,Some,97
R_08QdsHlOuNvEEUx,I16,Some,72
R_08QdsHlOuNvEEUx,I17,Some,89
R_08QdsHlOuNvEEUx,I18,Some,66
R_2ONgkHa2n0jv209,I1,No,53
R_2ONgkHa2n0jv209,I2,No,48
R_2ONgkHa2n0jv209,I3,No,42
R_2ONgkHa2n0jv209,I4,No,86
R_2ONgkHa2n0jv209,I5,No,78
R_2ONgkHa2n0jv209,I6,No,16
R_2ONgkHa2n0jv209,I7,Everyone,50
R_2ONgkHa2n0jv209,I8,Everyone,88
R_2ONgkHa2n0jv209,I9,Everyone,24
R_2ONgkHa2n0jv209,I10,Everyone,54
R_2ONgkHa2n0jv209,I11,Everyone,62
R_2ONgkHa2n0jv209,I12,Everyone,93
R_2ONgkHa2n0jv209,I13,Some,24
R_2ONgkHa2n0jv209,I14,Some,92
R_2ONgkHa2n0jv209,I15,Some,76
R_2ONgkHa2n0jv209,I16,Some,42
R_2ONgkHa2n0jv209,I17,Some,76
R_2ONgkHa2n0jv209,I18,Some,76
R_rruXPNGf3wBTQYN,I1,No,3
R_rruXPNGf3wBTQYN,I2,No,0
R_rruXPNGf3wBTQYN,I3,No,72
R_rruXPNGf3wBTQYN,I4,No,5
R_rruXPNGf3wBTQYN,I5,No,55
R_rruXPNGf3wBTQYN,I6,No,0
R_rruXPNGf3wBTQYN,I7,Everyone,35
R_rruXPNGf3wBTQYN,I8,Everyone,67
R_rruXPNGf3wBTQYN,I9,Everyone,73
R_rruXPNGf3wBTQYN,I10,Everyone,87
R_rruXPNGf3wBTQYN,I11,Everyone,70
R_rruXPNGf3wBTQYN,I12,Everyone,87
R_rruXPNGf3wBTQYN,I13,Some,71
R_rruXPNGf3wBTQYN,I14,Some,93
R_rruXPNGf3wBTQYN,I15,Some,66
R_rruXPNGf3wBTQYN,I16,Some,66
R_rruXPNGf3wBTQYN,I17,Some,78
R_rruXPNGf3wBTQYN,I18,Some,42
R_3edSDb9OavdqL8l,I1,No,40
R_3edSDb9OavdqL8l,I2,No,30
R_3edSDb9OavdqL8l,I3,No,60
R_3edSDb9OavdqL8l,I4,No,25
R_3edSDb9OavdqL8l,I5,No,60
R_3edSDb9OavdqL8l,I6,No,40
R_3edSDb9OavdqL8l,I7,Everyone,40
R_3edSDb9OavdqL8l,I8,Everyone,70
R_3edSDb9OavdqL8l,I9,Everyone,40
R_3edSDb9OavdqL8l,I10,Everyone,65
R_3edSDb9OavdqL8l,I11,Everyone,75
R_3edSDb9OavdqL8l,I12,Everyone,80
R_3edSDb9OavdqL8l,I13,Some,45
R_3edSDb9OavdqL8l,I14,Some,85
R_3edSDb9OavdqL8l,I15,Some,60
R_3edSDb9OavdqL8l,I16,Some,35
R_3edSDb9OavdqL8l,I17,Some,60
R_3edSDb9OavdqL8l,I18,Some,70
R_xrvT6EH0GSzquEp,I1,No,63
R_xrvT6EH0GSzquEp,I2,No,23
R_xrvT6EH0GSzquEp,I3,No,78
R_xrvT6EH0GSzquEp,I4,No,35
R_xrvT6EH0GSzquEp,I5,No,34
R_xrvT6EH0GSzquEp,I6,No,40
R_xrvT6EH0GSzquEp,I7,Everyone,6
R_xrvT6EH0GSzquEp,I8,Everyone,90
R_xrvT6EH0GSzquEp,I9,Everyone,30
R_xrvT6EH0GSzquEp,I10,Everyone,50
R_xrvT6EH0GSzquEp,I11,Everyone,45
R_xrvT6EH0GSzquEp,I12,Everyone,68
R_xrvT6EH0GSzquEp,I13,Some,72
R_xrvT6EH0GSzquEp,I14,Some,100
R_xrvT6EH0GSzquEp,I15,Some,55
R_xrvT6EH0GSzquEp,I16,Some,44
R_xrvT6EH0GSzquEp,I17,Some,90
R_xrvT6EH0GSzquEp,I18,Some,45
R_RQCekms4143r5C1,I1,No,46
R_RQCekms4143r5C1,I2,No,32
R_RQCekms4143r5C1,I3,No,2
R_RQCekms4143r5C1,I4,No,40
R_RQCekms4143r5C1,I5,No,58
R_RQCekms4143r5C1,I6,No,50
R_RQCekms4143r5C1,I7,Everyone,15
R_RQCekms4143r5C1,I8,Everyone,94
R_RQCekms4143r5C1,I9,Everyone,63
R_RQCekms4143r5C1,I10,Everyone,80
R_RQCekms4143r5C1,I11,Everyone,78
R_RQCekms4143r5C1,I12,Everyone,90
R_RQCekms4143r5C1,I13,Some,18
R_RQCekms4143r5C1,I14,Some,70
R_RQCekms4143r5C1,I15,Some,64
R_RQCekms4143r5C1,I16,Some,96
R_RQCekms4143r5C1,I17,Some,50
R_RQCekms4143r5C1,I18,Some,25
R_2bIUevgIDdsIf7U,I1,No,72
R_2bIUevgIDdsIf7U,I2,No,20
R_2bIUevgIDdsIf7U,I3,No,85
R_2bIUevgIDdsIf7U,I4,No,90
R_2bIUevgIDdsIf7U,I5,No,67
R_2bIUevgIDdsIf7U,I6,No,44
R_2bIUevgIDdsIf7U,I7,Everyone,45
R_2bIUevgIDdsIf7U,I8,Everyone,95
R_2bIUevgIDdsIf7U,I9,Everyone,76
R_2bIUevgIDdsIf7U,I10,Everyone,86
R_2bIUevgIDdsIf7U,I11,Everyone,82
R_2bIUevgIDdsIf7U,I12,Everyone,67
R_2bIUevgIDdsIf7U,I13,Some,78
R_2bIUevgIDdsIf7U,I14,Some,74
R_2bIUevgIDdsIf7U,I15,Some,62
R_2bIUevgIDdsIf7U,I16,Some,65
R_2bIUevgIDdsIf7U,I17,Some,87
R_2bIUevgIDdsIf7U,I18,Some,36
R_3fkikVRw9MGFxJo,I1,No,50
R_3fkikVRw9MGFxJo,I2,No,0
R_3fkikVRw9MGFxJo,I3,No,50
R_3fkikVRw9MGFxJo,I4,No,66
R_3fkikVRw9MGFxJo,I5,No,25
R_3fkikVRw9MGFxJo,I6,No,25
R_3fkikVRw9MGFxJo,I7,Everyone,33
R_3fkikVRw9MGFxJo,I8,Everyone,90
R_3fkikVRw9MGFxJo,I9,Everyone,20
R_3fkikVRw9MGFxJo,I10,Everyone,75
R_3fkikVRw9MGFxJo,I11,Everyone,76
R_3fkikVRw9MGFxJo,I12,Everyone,95
R_3fkikVRw9MGFxJo,I13,Some,70
R_3fkikVRw9MGFxJo,I14,Some,60
R_3fkikVRw9MGFxJo,I15,Some,50
R_3fkikVRw9MGFxJo,I16,Some,75
R_3fkikVRw9MGFxJo,I17,Some,80
R_3fkikVRw9MGFxJo,I18,Some,75
R_1k0oZVvj7PN9TzA,I1,No,40
R_1k0oZVvj7PN9TzA,I2,No,30
R_1k0oZVvj7PN9TzA,I3,No,10
R_1k0oZVvj7PN9TzA,I4,No,25
R_1k0oZVvj7PN9TzA,I5,No,85
R_1k0oZVvj7PN9TzA,I6,No,55
R_1k0oZVvj7PN9TzA,I7,Everyone,5
R_1k0oZVvj7PN9TzA,I8,Everyone,95
R_1k0oZVvj7PN9TzA,I9,Everyone,65
R_1k0oZVvj7PN9TzA,I10,Everyone,70
R_1k0oZVvj7PN9TzA,I11,Everyone,95
R_1k0oZVvj7PN9TzA,I12,Everyone,75
R_1k0oZVvj7PN9TzA,I13,Some,80
R_1k0oZVvj7PN9TzA,I14,Some,65
R_1k0oZVvj7PN9TzA,I15,Some,85
R_1k0oZVvj7PN9TzA,I16,Some,80
R_1k0oZVvj7PN9TzA,I17,Some,20
R_1k0oZVvj7PN9TzA,I18,Some,30
R_3CCQwFYKs9wN53B,I1,No,41
R_3CCQwFYKs9wN53B,I2,No,27
R_3CCQwFYKs9wN53B,I3,No,80
R_3CCQwFYKs9wN53B,I4,No,80
R_3CCQwFYKs9wN53B,I5,No,52
R_3CCQwFYKs9wN53B,I6,No,41
R_3CCQwFYKs9wN53B,I7,Everyone,4
R_3CCQwFYKs9wN53B,I8,Everyone,98
R_3CCQwFYKs9wN53B,I9,Everyone,60
R_3CCQwFYKs9wN53B,I10,Everyone,37
R_3CCQwFYKs9wN53B,I11,Everyone,90
R_3CCQwFYKs9wN53B,I12,Everyone,55
R_3CCQwFYKs9wN53B,I13,Some,64
R_3CCQwFYKs9wN53B,I14,Some,93
R_3CCQwFYKs9wN53B,I15,Some,75
R_3CCQwFYKs9wN53B,I16,Some,69
R_3CCQwFYKs9wN53B,I17,Some,50
R_3CCQwFYKs9wN53B,I18,Some,100
R_Wva7aXp9h9PQkbT,I1,No,68
R_Wva7aXp9h9PQkbT,I2,No,38
R_Wva7aXp9h9PQkbT,I3,No,43
R_Wva7aXp9h9PQkbT,I4,No,42
R_Wva7aXp9h9PQkbT,I5,No,59
R_Wva7aXp9h9PQkbT,I6,No,61
R_Wva7aXp9h9PQkbT,I7,Everyone,37
R_Wva7aXp9h9PQkbT,I8,Everyone,57
R_Wva7aXp9h9PQkbT,I9,Everyone,24
R_Wva7aXp9h9PQkbT,I10,Everyone,68
R_Wva7aXp9h9PQkbT,I11,Everyone,64
R_Wva7aXp9h9PQkbT,I12,Everyone,49
R_Wva7aXp9h9PQkbT,I13,Some,61
R_Wva7aXp9h9PQkbT,I14,Some,77
R_Wva7aXp9h9PQkbT,I15,Some,57
R_Wva7aXp9h9PQkbT,I16,Some,66
R_Wva7aXp9h9PQkbT,I17,Some,50
R_Wva7aXp9h9PQkbT,I18,Some,56
R_2QWjfUdwlB5UPlg,I1,No,57
R_2QWjfUdwlB5UPlg,I2,No,28
R_2QWjfUdwlB5UPlg,I3,No,27
R_2QWjfUdwlB5UPlg,I4,No,68
R_2QWjfUdwlB5UPlg,I5,No,32
R_2QWjfUdwlB5UPlg,I6,No,35
R_2QWjfUdwlB5UPlg,I7,Everyone,33
R_2QWjfUdwlB5UPlg,I8,Everyone,67
R_2QWjfUdwlB5UPlg,I9,Everyone,37
R_2QWjfUdwlB5UPlg,I10,Everyone,53
R_2QWjfUdwlB5UPlg,I11,Everyone,43
R_2QWjfUdwlB5UPlg,I12,Everyone,72
R_2QWjfUdwlB5UPlg,I13,Some,67
R_2QWjfUdwlB5UPlg,I14,Some,56
R_2QWjfUdwlB5UPlg,I15,Some,64
R_2QWjfUdwlB5UPlg,I16,Some,68
R_2QWjfUdwlB5UPlg,I17,Some,85
R_2QWjfUdwlB5UPlg,I18,Some,66
R_1jvzhUV6dRTziqP,I1,No,38
R_1jvzhUV6dRTziqP,I2,No,25
R_1jvzhUV6dRTziqP,I3,No,23
R_1jvzhUV6dRTziqP,I4,No,36
R_1jvzhUV6dRTziqP,I5,No,16
R_1jvzhUV6dRTziqP,I6,No,39
R_1jvzhUV6dRTziqP,I7,Everyone,44
R_1jvzhUV6dRTziqP,I8,Everyone,75
R_1jvzhUV6dRTziqP,I9,Everyone,35
R_1jvzhUV6dRTziqP,I10,Everyone,46
R_1jvzhUV6dRTziqP,I11,Everyone,56
R_1jvzhUV6dRTziqP,I12,Everyone,52
R_1jvzhUV6dRTziqP,I13,Some,32
R_1jvzhUV6dRTziqP,I14,Some,67
R_1jvzhUV6dRTziqP,I15,Some,68
R_1jvzhUV6dRTziqP,I16,Some,79
R_1jvzhUV6dRTziqP,I17,Some,43
R_1jvzhUV6dRTziqP,I18,Some,59
R_ApL9I7Q4Edlq79T,I1,No,85
R_ApL9I7Q4Edlq79T,I2,No,9
R_ApL9I7Q4Edlq79T,I3,No,70
R_ApL9I7Q4Edlq79T,I4,No,85
R_ApL9I7Q4Edlq79T,I5,No,57
R_ApL9I7Q4Edlq79T,I6,No,17
R_ApL9I7Q4Edlq79T,I7,Everyone,31
R_ApL9I7Q4Edlq79T,I8,Everyone,85
R_ApL9I7Q4Edlq79T,I9,Everyone,54
R_ApL9I7Q4Edlq79T,I10,Everyone,55
R_ApL9I7Q4Edlq79T,I11,Everyone,59
R_ApL9I7Q4Edlq79T,I12,Everyone,73
R_ApL9I7Q4Edlq79T,I13,Some,80
R_ApL9I7Q4Edlq79T,I14,Some,88
R_ApL9I7Q4Edlq79T,I15,Some,69
R_ApL9I7Q4Edlq79T,I16,Some,50
R_ApL9I7Q4Edlq79T,I17,Some,30
R_ApL9I7Q4Edlq79T,I18,Some,42
R_1JDce3rn8sU1gQR,I1,No,53
R_1JDce3rn8sU1gQR,I2,No,86
R_1JDce3rn8sU1gQR,I3,No,91
R_1JDce3rn8sU1gQR,I4,No,51
R_1JDce3rn8sU1gQR,I5,No,60
R_1JDce3rn8sU1gQR,I6,No,51
R_1JDce3rn8sU1gQR,I7,Everyone,8
R_1JDce3rn8sU1gQR,I8,Everyone,53
R_1JDce3rn8sU1gQR,I9,Everyone,56
R_1JDce3rn8sU1gQR,I10,Everyone,61
R_1JDce3rn8sU1gQR,I11,Everyone,52
R_1JDce3rn8sU1gQR,I12,Everyone,53
R_1JDce3rn8sU1gQR,I13,Some,56
R_1JDce3rn8sU1gQR,I14,Some,51
R_1JDce3rn8sU1gQR,I15,Some,53
R_1JDce3rn8sU1gQR,I16,Some,56
R_1JDce3rn8sU1gQR,I17,Some,52
R_1JDce3rn8sU1gQR,I18,Some,55
R_1oANWLUybUiK1Zh,I1,No,21
R_1oANWLUybUiK1Zh,I2,No,19
R_1oANWLUybUiK1Zh,I3,No,86
R_1oANWLUybUiK1Zh,I4,No,88
R_1oANWLUybUiK1Zh,I5,No,81
R_1oANWLUybUiK1Zh,I6,No,43
R_1oANWLUybUiK1Zh,I7,Everyone,82
R_1oANWLUybUiK1Zh,I8,Everyone,91
R_1oANWLUybUiK1Zh,I9,Everyone,92
R_1oANWLUybUiK1Zh,I10,Everyone,86
R_1oANWLUybUiK1Zh,I11,Everyone,95
R_1oANWLUybUiK1Zh,I12,Everyone,39
R_1oANWLUybUiK1Zh,I13,Some,84
R_1oANWLUybUiK1Zh,I14,Some,79
R_1oANWLUybUiK1Zh,I15,Some,87
R_1oANWLUybUiK1Zh,I16,Some,57
R_1oANWLUybUiK1Zh,I17,Some,57
R_1oANWLUybUiK1Zh,I18,Some,80
R_2DSy1ca3LE0hKCj,I1,No,92
R_2DSy1ca3LE0hKCj,I2,No,32
R_2DSy1ca3LE0hKCj,I3,No,81
R_2DSy1ca3LE0hKCj,I4,No,71
R_2DSy1ca3LE0hKCj,I5,No,96
R_2DSy1ca3LE0hKCj,I6,No,88
R_2DSy1ca3LE0hKCj,I7,Everyone,60
R_2DSy1ca3LE0hKCj,I8,Everyone,74
R_2DSy1ca3LE0hKCj,I9,Everyone,94
R_2DSy1ca3LE0hKCj,I10,Everyone,93
R_2DSy1ca3LE0hKCj,I11,Everyone,67
R_2DSy1ca3LE0hKCj,I12,Everyone,73
R_2DSy1ca3LE0hKCj,I13,Some,24
R_2DSy1ca3LE0hKCj,I14,Some,98
R_2DSy1ca3LE0hKCj,I15,Some,93
R_2DSy1ca3LE0hKCj,I16,Some,96
R_2DSy1ca3LE0hKCj,I17,Some,63
R_2DSy1ca3LE0hKCj,I18,Some,60
R_2xVJg3wBhlhHudf,I1,No,50
R_2xVJg3wBhlhHudf,I2,No,41
R_2xVJg3wBhlhHudf,I3,No,45
R_2xVJg3wBhlhHudf,I4,No,90
R_2xVJg3wBhlhHudf,I5,No,57
R_2xVJg3wBhlhHudf,I6,No,52
R_2xVJg3wBhlhHudf,I7,Everyone,61
R_2xVJg3wBhlhHudf,I8,Everyone,63
R_2xVJg3wBhlhHudf,I9,Everyone,87
R_2xVJg3wBhlhHudf,I10,Everyone,59
R_2xVJg3wBhlhHudf,I11,Everyone,39
R_2xVJg3wBhlhHudf,I12,Everyone,46
R_2xVJg3wBhlhHudf,I13,Some,75
R_2xVJg3wBhlhHudf,I14,Some,75
R_2xVJg3wBhlhHudf,I15,Some,51
R_2xVJg3wBhlhHudf,I16,Some,81
R_2xVJg3wBhlhHudf,I17,Some,81
R_2xVJg3wBhlhHudf,I18,Some,40
R_DCypSX9l5aqoTtv,I1,No,68
R_DCypSX9l5aqoTtv,I2,No,51
R_DCypSX9l5aqoTtv,I3,No,38
R_DCypSX9l5aqoTtv,I4,No,30
R_DCypSX9l5aqoTtv,I5,No,41
R_DCypSX9l5aqoTtv,I6,No,49
R_DCypSX9l5aqoTtv,I7,Everyone,46
R_DCypSX9l5aqoTtv,I8,Everyone,66
R_DCypSX9l5aqoTtv,I9,Everyone,53
R_DCypSX9l5aqoTtv,I10,Everyone,78
R_DCypSX9l5aqoTtv,I11,Everyone,79
R_DCypSX9l5aqoTtv,I12,Everyone,68
R_DCypSX9l5aqoTtv,I13,Some,85
R_DCypSX9l5aqoTtv,I14,Some,45
R_DCypSX9l5aqoTtv,I15,Some,62
R_DCypSX9l5aqoTtv,I16,Some,58
R_DCypSX9l5aqoTtv,I17,Some,95
R_DCypSX9l5aqoTtv,I18,Some,66
R_24d4KNUw16T2Kdi,I1,No,15
R_24d4KNUw16T2Kdi,I2,No,19
R_24d4KNUw16T2Kdi,I3,No,16
R_24d4KNUw16T2Kdi,I4,No,68
R_24d4KNUw16T2Kdi,I5,No,40
R_24d4KNUw16T2Kdi,I6,No,41
R_24d4KNUw16T2Kdi,I7,Everyone,15
R_24d4KNUw16T2Kdi,I8,Everyone,33
R_24d4KNUw16T2Kdi,I9,Everyone,59
R_24d4KNUw16T2Kdi,I10,Everyone,23
R_24d4KNUw16T2Kdi,I11,Everyone,19
R_24d4KNUw16T2Kdi,I12,Everyone,57
R_24d4KNUw16T2Kdi,I13,Some,82
R_24d4KNUw16T2Kdi,I14,Some,85
R_24d4KNUw16T2Kdi,I15,Some,69
R_24d4KNUw16T2Kdi,I16,Some,57
R_24d4KNUw16T2Kdi,I17,Some,68
R_24d4KNUw16T2Kdi,I18,Some,59
R_2XcjzTJAbILkRIT,I1,No,51
R_2XcjzTJAbILkRIT,I2,No,25
R_2XcjzTJAbILkRIT,I3,No,51
R_2XcjzTJAbILkRIT,I4,No,25
R_2XcjzTJAbILkRIT,I5,No,50
R_2XcjzTJAbILkRIT,I6,No,25
R_2XcjzTJAbILkRIT,I7,Everyone,25
R_2XcjzTJAbILkRIT,I8,Everyone,77
R_2XcjzTJAbILkRIT,I9,Everyone,61
R_2XcjzTJAbILkRIT,I10,Everyone,50
R_2XcjzTJAbILkRIT,I11,Everyone,51
R_2XcjzTJAbILkRIT,I12,Everyone,57
R_2XcjzTJAbILkRIT,I13,Some,63
R_2XcjzTJAbILkRIT,I14,Some,72
R_2XcjzTJAbILkRIT,I15,Some,51
R_2XcjzTJAbILkRIT,I16,Some,50
R_2XcjzTJAbILkRIT,I17,Some,52
R_2XcjzTJAbILkRIT,I18,Some,35
R_2VOr9gPcQJdFXAa,I1,No,58
R_2VOr9gPcQJdFXAa,I2,No,74
R_2VOr9gPcQJdFXAa,I3,No,38
R_2VOr9gPcQJdFXAa,I4,No,50
R_2VOr9gPcQJdFXAa,I5,No,50
R_2VOr9gPcQJdFXAa,I6,No,58
R_2VOr9gPcQJdFXAa,I7,Everyone,54
R_2VOr9gPcQJdFXAa,I8,Everyone,78
R_2VOr9gPcQJdFXAa,I9,Everyone,77
R_2VOr9gPcQJdFXAa,I10,Everyone,81
R_2VOr9gPcQJdFXAa,I11,Everyone,89
R_2VOr9gPcQJdFXAa,I12,Everyone,79
R_2VOr9gPcQJdFXAa,I13,Some,77
R_2VOr9gPcQJdFXAa,I14,Some,63
R_2VOr9gPcQJdFXAa,I15,Some,92
R_2VOr9gPcQJdFXAa,I16,Some,90
R_2VOr9gPcQJdFXAa,I17,Some,76
R_2VOr9gPcQJdFXAa,I18,Some,50
R_8AZGZxsRjuA7Oxj,I1,No,87
R_8AZGZxsRjuA7Oxj,I2,No,38
R_8AZGZxsRjuA7Oxj,I3,No,66
R_8AZGZxsRjuA7Oxj,I4,No,83
R_8AZGZxsRjuA7Oxj,I5,No,80
R_8AZGZxsRjuA7Oxj,I6,No,52
R_8AZGZxsRjuA7Oxj,I7,Everyone,39
R_8AZGZxsRjuA7Oxj,I8,Everyone,88
R_8AZGZxsRjuA7Oxj,I9,Everyone,24
R_8AZGZxsRjuA7Oxj,I10,Everyone,65
R_8AZGZxsRjuA7Oxj,I11,Everyone,34
R_8AZGZxsRjuA7Oxj,I12,Everyone,81
R_8AZGZxsRjuA7Oxj,I13,Some,44
R_8AZGZxsRjuA7Oxj,I14,Some,48
R_8AZGZxsRjuA7Oxj,I15,Some,69
R_8AZGZxsRjuA7Oxj,I16,Some,39
R_8AZGZxsRjuA7Oxj,I17,Some,63
R_8AZGZxsRjuA7Oxj,I18,Some,65
R_3knfPcLEfTuS2UM,I1,No,47
R_3knfPcLEfTuS2UM,I2,No,35
R_3knfPcLEfTuS2UM,I3,No,39
R_3knfPcLEfTuS2UM,I4,No,38
R_3knfPcLEfTuS2UM,I5,No,33
R_3knfPcLEfTuS2UM,I6,No,57
R_3knfPcLEfTuS2UM,I7,Everyone,12
R_3knfPcLEfTuS2UM,I8,Everyone,100
R_3knfPcLEfTuS2UM,I9,Everyone,34
R_3knfPcLEfTuS2UM,I10,Everyone,41
R_3knfPcLEfTuS2UM,I11,Everyone,20
R_3knfPcLEfTuS2UM,I12,Everyone,69
R_3knfPcLEfTuS2UM,I13,Some,82
R_3knfPcLEfTuS2UM,I14,Some,65
R_3knfPcLEfTuS2UM,I15,Some,76
R_3knfPcLEfTuS2UM,I16,Some,77
R_3knfPcLEfTuS2UM,I17,Some,92
R_3knfPcLEfTuS2UM,I18,Some,76
R_1IMCFf57RYlTaGf,I1,No,56
R_1IMCFf57RYlTaGf,I2,No,74
R_1IMCFf57RYlTaGf,I3,No,60
R_1IMCFf57RYlTaGf,I4,No,50
R_1IMCFf57RYlTaGf,I5,No,75
R_1IMCFf57RYlTaGf,I6,No,68
R_1IMCFf57RYlTaGf,I7,Everyone,48
R_1IMCFf57RYlTaGf,I8,Everyone,82
R_1IMCFf57RYlTaGf,I9,Everyone,55
R_1IMCFf57RYlTaGf,I10,Everyone,66
R_1IMCFf57RYlTaGf,I11,Everyone,78
R_1IMCFf57RYlTaGf,I12,Everyone,88
R_1IMCFf57RYlTaGf,I13,Some,88
R_1IMCFf57RYlTaGf,I14,Some,95
R_1IMCFf57RYlTaGf,I15,Some,76
R_1IMCFf57RYlTaGf,I16,Some,84
R_1IMCFf57RYlTaGf,I17,Some,23
R_1IMCFf57RYlTaGf,I18,Some,45
R_2YDnbLfyZkyWnkg,I1,No,57
R_2YDnbLfyZkyWnkg,I2,No,20
R_2YDnbLfyZkyWnkg,I3,No,55
R_2YDnbLfyZkyWnkg,I4,No,55
R_2YDnbLfyZkyWnkg,I5,No,90
R_2YDnbLfyZkyWnkg,I6,No,35
R_2YDnbLfyZkyWnkg,I7,Everyone,65
R_2YDnbLfyZkyWnkg,I8,Everyone,95
R_2YDnbLfyZkyWnkg,I9,Everyone,7
R_2YDnbLfyZkyWnkg,I10,Everyone,90
R_2YDnbLfyZkyWnkg,I11,Everyone,80
R_2YDnbLfyZkyWnkg,I12,Everyone,51
R_2YDnbLfyZkyWnkg,I13,Some,46
R_2YDnbLfyZkyWnkg,I14,Some,80
R_2YDnbLfyZkyWnkg,I15,Some,65
R_2YDnbLfyZkyWnkg,I16,Some,65
R_2YDnbLfyZkyWnkg,I17,Some,50
R_2YDnbLfyZkyWnkg,I18,Some,45
R_BPmk2SC2yLCO8MN,I1,No,40
R_BPmk2SC2yLCO8MN,I2,No,60
R_BPmk2SC2yLCO8MN,I3,No,67
R_BPmk2SC2yLCO8MN,I4,No,21
R_BPmk2SC2yLCO8MN,I5,No,25
R_BPmk2SC2yLCO8MN,I6,No,63
R_BPmk2SC2yLCO8MN,I7,Everyone,8
R_BPmk2SC2yLCO8MN,I8,Everyone,92
R_BPmk2SC2yLCO8MN,I9,Everyone,51
R_BPmk2SC2yLCO8MN,I10,Everyone,41
R_BPmk2SC2yLCO8MN,I11,Everyone,81
R_BPmk2SC2yLCO8MN,I12,Everyone,72
R_BPmk2SC2yLCO8MN,I13,Some,88
R_BPmk2SC2yLCO8MN,I14,Some,80
R_BPmk2SC2yLCO8MN,I15,Some,78
R_BPmk2SC2yLCO8MN,I16,Some,84
R_BPmk2SC2yLCO8MN,I17,Some,83
R_BPmk2SC2yLCO8MN,I18,Some,74
R_1FPuL3x6bY71sxc,I1,No,100
R_1FPuL3x6bY71sxc,I2,No,27
R_1FPuL3x6bY71sxc,I3,No,77
R_1FPuL3x6bY71sxc,I4,No,51
R_1FPuL3x6bY71sxc,I5,No,76
R_1FPuL3x6bY71sxc,I6,No,58
R_1FPuL3x6bY71sxc,I7,Everyone,76
R_1FPuL3x6bY71sxc,I8,Everyone,77
R_1FPuL3x6bY71sxc,I9,Everyone,90
R_1FPuL3x6bY71sxc,I10,Everyone,51
R_1FPuL3x6bY71sxc,I11,Everyone,76
R_1FPuL3x6bY71sxc,I12,Everyone,51
R_1FPuL3x6bY71sxc,I13,Some,51
R_1FPuL3x6bY71sxc,I14,Some,84
R_1FPuL3x6bY71sxc,I15,Some,75
R_1FPuL3x6bY71sxc,I16,Some,86
R_1FPuL3x6bY71sxc,I17,Some,70
R_1FPuL3x6bY71sxc,I18,Some,57
R_3KwQw3SEGiClG3P,I1,No,76
R_3KwQw3SEGiClG3P,I2,No,76
R_3KwQw3SEGiClG3P,I3,No,95
R_3KwQw3SEGiClG3P,I4,No,24
R_3KwQw3SEGiClG3P,I5,No,100
R_3KwQw3SEGiClG3P,I6,No,51
R_3KwQw3SEGiClG3P,I7,Everyone,25
R_3KwQw3SEGiClG3P,I8,Everyone,97
R_3KwQw3SEGiClG3P,I9,Everyone,75
R_3KwQw3SEGiClG3P,I10,Everyone,60
R_3KwQw3SEGiClG3P,I11,Everyone,25
R_3KwQw3SEGiClG3P,I12,Everyone,76
R_3KwQw3SEGiClG3P,I13,Some,75
R_3KwQw3SEGiClG3P,I14,Some,98
R_3KwQw3SEGiClG3P,I15,Some,61
R_3KwQw3SEGiClG3P,I16,Some,100
R_3KwQw3SEGiClG3P,I17,Some,98
R_3KwQw3SEGiClG3P,I18,Some,25
R_1pVAl2MRImrZ9s9,I1,No,49
R_1pVAl2MRImrZ9s9,I2,No,21
R_1pVAl2MRImrZ9s9,I3,No,20
R_1pVAl2MRImrZ9s9,I4,No,53
R_1pVAl2MRImrZ9s9,I5,No,78
R_1pVAl2MRImrZ9s9,I6,No,51
R_1pVAl2MRImrZ9s9,I7,Everyone,36
R_1pVAl2MRImrZ9s9,I8,Everyone,76
R_1pVAl2MRImrZ9s9,I9,Everyone,61
R_1pVAl2MRImrZ9s9,I10,Everyone,76
R_1pVAl2MRImrZ9s9,I11,Everyone,89
R_1pVAl2MRImrZ9s9,I12,Everyone,83
R_1pVAl2MRImrZ9s9,I13,Some,85
R_1pVAl2MRImrZ9s9,I14,Some,92
R_1pVAl2MRImrZ9s9,I15,Some,55
R_1pVAl2MRImrZ9s9,I16,Some,60
R_1pVAl2MRImrZ9s9,I17,Some,61
R_1pVAl2MRImrZ9s9,I18,Some,75
R_XMLrYWxbZMb3i7f,I1,No,37
R_XMLrYWxbZMb3i7f,I2,No,31
R_XMLrYWxbZMb3i7f,I3,No,56
R_XMLrYWxbZMb3i7f,I4,No,37
R_XMLrYWxbZMb3i7f,I5,No,56
R_XMLrYWxbZMb3i7f,I6,No,40
R_XMLrYWxbZMb3i7f,I7,Everyone,14
R_XMLrYWxbZMb3i7f,I8,Everyone,58
R_XMLrYWxbZMb3i7f,I9,Everyone,70
R_XMLrYWxbZMb3i7f,I10,Everyone,72
R_XMLrYWxbZMb3i7f,I11,Everyone,44
R_XMLrYWxbZMb3i7f,I12,Everyone,47
R_XMLrYWxbZMb3i7f,I13,Some,62
R_XMLrYWxbZMb3i7f,I14,Some,87
R_XMLrYWxbZMb3i7f,I15,Some,86
R_XMLrYWxbZMb3i7f,I16,Some,65
R_XMLrYWxbZMb3i7f,I17,Some,91
R_XMLrYWxbZMb3i7f,I18,Some,72
R_1OiY3BQjBzHxpAZ,I1,No,49
R_1OiY3BQjBzHxpAZ,I2,No,38
R_1OiY3BQjBzHxpAZ,I3,No,50
R_1OiY3BQjBzHxpAZ,I4,No,43
R_1OiY3BQjBzHxpAZ,I5,No,76
R_1OiY3BQjBzHxpAZ,I6,No,45
R_1OiY3BQjBzHxpAZ,I7,Everyone,26
R_1OiY3BQjBzHxpAZ,I8,Everyone,87
R_1OiY3BQjBzHxpAZ,I9,Everyone,84
R_1OiY3BQjBzHxpAZ,I10,Everyone,45
R_1OiY3BQjBzHxpAZ,I11,Everyone,70
R_1OiY3BQjBzHxpAZ,I12,Everyone,85
R_1OiY3BQjBzHxpAZ,I13,Some,69
R_1OiY3BQjBzHxpAZ,I14,Some,53
R_1OiY3BQjBzHxpAZ,I15,Some,59
R_1OiY3BQjBzHxpAZ,I16,Some,61
R_1OiY3BQjBzHxpAZ,I17,Some,23
R_1OiY3BQjBzHxpAZ,I18,Some,57
R_3qkXypLzGbfqAJC,I1,No,93
R_3qkXypLzGbfqAJC,I2,No,27
R_3qkXypLzGbfqAJC,I3,No,62
R_3qkXypLzGbfqAJC,I4,No,94
R_3qkXypLzGbfqAJC,I5,No,100
R_3qkXypLzGbfqAJC,I6,No,58
R_3qkXypLzGbfqAJC,I7,Everyone,14
R_3qkXypLzGbfqAJC,I8,Everyone,100
R_3qkXypLzGbfqAJC,I9,Everyone,96
R_3qkXypLzGbfqAJC,I10,Everyone,98
R_3qkXypLzGbfqAJC,I11,Everyone,93
R_3qkXypLzGbfqAJC,I12,Everyone,98
R_3qkXypLzGbfqAJC,I13,Some,94
R_3qkXypLzGbfqAJC,I14,Some,97
R_3qkXypLzGbfqAJC,I15,Some,92
R_3qkXypLzGbfqAJC,I16,Some,95
R_3qkXypLzGbfqAJC,I17,Some,94
R_3qkXypLzGbfqAJC,I18,Some,99
R_24I2TqFFQZxj2uQ,I1,No,46
R_24I2TqFFQZxj2uQ,I2,No,42
R_24I2TqFFQZxj2uQ,I3,No,62
R_24I2TqFFQZxj2uQ,I4,No,42
R_24I2TqFFQZxj2uQ,I5,No,53
R_24I2TqFFQZxj2uQ,I6,No,32
R_24I2TqFFQZxj2uQ,I7,Everyone,26
R_24I2TqFFQZxj2uQ,I8,Everyone,86
R_24I2TqFFQZxj2uQ,I9,Everyone,46
R_24I2TqFFQZxj2uQ,I10,Everyone,48
R_24I2TqFFQZxj2uQ,I11,Everyone,75
R_24I2TqFFQZxj2uQ,I12,Everyone,71
R_24I2TqFFQZxj2uQ,I13,Some,54
R_24I2TqFFQZxj2uQ,I14,Some,94
R_24I2TqFFQZxj2uQ,I15,Some,64
R_24I2TqFFQZxj2uQ,I16,Some,51
R_24I2TqFFQZxj2uQ,I17,Some,66
R_24I2TqFFQZxj2uQ,I18,Some,55
R_7VOpW8wrnECO15n,I1,No,52
R_7VOpW8wrnECO15n,I2,No,52
R_7VOpW8wrnECO15n,I3,No,76
R_7VOpW8wrnECO15n,I4,No,49
R_7VOpW8wrnECO15n,I5,No,84
R_7VOpW8wrnECO15n,I6,No,51
R_7VOpW8wrnECO15n,I7,Everyone,50
R_7VOpW8wrnECO15n,I8,Everyone,75
R_7VOpW8wrnECO15n,I9,Everyone,49
R_7VOpW8wrnECO15n,I10,Everyone,77
R_7VOpW8wrnECO15n,I11,Everyone,51
R_7VOpW8wrnECO15n,I12,Everyone,77
R_7VOpW8wrnECO15n,I13,Some,74
R_7VOpW8wrnECO15n,I14,Some,88
R_7VOpW8wrnECO15n,I15,Some,52
R_7VOpW8wrnECO15n,I16,Some,77
R_7VOpW8wrnECO15n,I17,Some,75
R_7VOpW8wrnECO15n,I18,Some,76
R_9n3ouvgfhAr56mJ,I1,No,53
R_9n3ouvgfhAr56mJ,I2,No,50
R_9n3ouvgfhAr56mJ,I3,No,33
R_9n3ouvgfhAr56mJ,I4,No,51
R_9n3ouvgfhAr56mJ,I5,No,63
R_9n3ouvgfhAr56mJ,I6,No,49
R_9n3ouvgfhAr56mJ,I7,Everyone,50
R_9n3ouvgfhAr56mJ,I8,Everyone,64
R_9n3ouvgfhAr56mJ,I9,Everyone,36
R_9n3ouvgfhAr56mJ,I10,Everyone,70
R_9n3ouvgfhAr56mJ,I11,Everyone,61
R_9n3ouvgfhAr56mJ,I12,Everyone,92
R_9n3ouvgfhAr56mJ,I13,Some,76
R_9n3ouvgfhAr56mJ,I14,Some,96
R_9n3ouvgfhAr56mJ,I15,Some,68
R_9n3ouvgfhAr56mJ,I16,Some,91
R_9n3ouvgfhAr56mJ,I17,Some,91
R_9n3ouvgfhAr56mJ,I18,Some,52
R_1gi7IgWU1fol173,I1,No,65
R_1gi7IgWU1fol173,I2,No,45
R_1gi7IgWU1fol173,I3,No,48
R_1gi7IgWU1fol173,I4,No,89
R_1gi7IgWU1fol173,I5,No,47
R_1gi7IgWU1fol173,I6,No,48
R_1gi7IgWU1fol173,I7,Everyone,32
R_1gi7IgWU1fol173,I8,Everyone,96
R_1gi7IgWU1fol173,I9,Everyone,70
R_1gi7IgWU1fol173,I10,Everyone,68
R_1gi7IgWU1fol173,I11,Everyone,39
R_1gi7IgWU1fol173,I12,Everyone,86
R_1gi7IgWU1fol173,I13,Some,39
R_1gi7IgWU1fol173,I14,Some,79
R_1gi7IgWU1fol173,I15,Some,84
R_1gi7IgWU1fol173,I16,Some,84
R_1gi7IgWU1fol173,I17,Some,91
R_1gi7IgWU1fol173,I18,Some,90
R_3j6XEOtRmq6QzWa,I1,No,24
R_3j6XEOtRmq6QzWa,I2,No,24
R_3j6XEOtRmq6QzWa,I3,No,26
R_3j6XEOtRmq6QzWa,I4,No,78
R_3j6XEOtRmq6QzWa,I5,No,78
R_3j6XEOtRmq6QzWa,I6,No,23
R_3j6XEOtRmq6QzWa,I7,Everyone,48
R_3j6XEOtRmq6QzWa,I8,Everyone,50
R_3j6XEOtRmq6QzWa,I9,Everyone,50
R_3j6XEOtRmq6QzWa,I10,Everyone,50
R_3j6XEOtRmq6QzWa,I11,Everyone,75
R_3j6XEOtRmq6QzWa,I12,Everyone,27
R_3j6XEOtRmq6QzWa,I13,Some,75
R_3j6XEOtRmq6QzWa,I14,Some,75
R_3j6XEOtRmq6QzWa,I15,Some,51
R_3j6XEOtRmq6QzWa,I16,Some,25
R_3j6XEOtRmq6QzWa,I17,Some,49
R_3j6XEOtRmq6QzWa,I18,Some,50
R_10H1IMVMKzmd2zB,I1,No,58
R_10H1IMVMKzmd2zB,I2,No,60
R_10H1IMVMKzmd2zB,I3,No,36
R_10H1IMVMKzmd2zB,I4,No,58
R_10H1IMVMKzmd2zB,I5,No,18
R_10H1IMVMKzmd2zB,I6,No,23
R_10H1IMVMKzmd2zB,I7,Everyone,12
R_10H1IMVMKzmd2zB,I8,Everyone,86
R_10H1IMVMKzmd2zB,I9,Everyone,19
R_10H1IMVMKzmd2zB,I10,Everyone,25
R_10H1IMVMKzmd2zB,I11,Everyone,47
R_10H1IMVMKzmd2zB,I12,Everyone,81
R_10H1IMVMKzmd2zB,I13,Some,75
R_10H1IMVMKzmd2zB,I14,Some,92
R_10H1IMVMKzmd2zB,I15,Some,75
R_10H1IMVMKzmd2zB,I16,Some,80
R_10H1IMVMKzmd2zB,I17,Some,17
R_10H1IMVMKzmd2zB,I18,Some,42
R_2zBFe3ucnuE2Hul,I1,No,35
R_2zBFe3ucnuE2Hul,I2,No,50
R_2zBFe3ucnuE2Hul,I3,No,39
R_2zBFe3ucnuE2Hul,I4,No,41
R_2zBFe3ucnuE2Hul,I5,No,60
R_2zBFe3ucnuE2Hul,I6,No,50
R_2zBFe3ucnuE2Hul,I7,Everyone,18
R_2zBFe3ucnuE2Hul,I8,Everyone,85
R_2zBFe3ucnuE2Hul,I9,Everyone,62
R_2zBFe3ucnuE2Hul,I10,Everyone,67
R_2zBFe3ucnuE2Hul,I11,Everyone,76
R_2zBFe3ucnuE2Hul,I12,Everyone,70
R_2zBFe3ucnuE2Hul,I13,Some,44
R_2zBFe3ucnuE2Hul,I14,Some,61
R_2zBFe3ucnuE2Hul,I15,Some,43
R_2zBFe3ucnuE2Hul,I16,Some,50
R_2zBFe3ucnuE2Hul,I17,Some,50
R_2zBFe3ucnuE2Hul,I18,Some,25
R_3hruMlwYmFgRWBF,I1,No,65
R_3hruMlwYmFgRWBF,I2,No,8
R_3hruMlwYmFgRWBF,I3,No,76
R_3hruMlwYmFgRWBF,I4,No,90
R_3hruMlwYmFgRWBF,I5,No,24
R_3hruMlwYmFgRWBF,I6,No,68
R_3hruMlwYmFgRWBF,I7,Everyone,85
R_3hruMlwYmFgRWBF,I8,Everyone,76
R_3hruMlwYmFgRWBF,I9,Everyone,86
R_3hruMlwYmFgRWBF,I10,Everyone,82
R_3hruMlwYmFgRWBF,I11,Everyone,86
R_3hruMlwYmFgRWBF,I12,Everyone,77
R_3hruMlwYmFgRWBF,I13,Some,99
R_3hruMlwYmFgRWBF,I14,Some,88
R_3hruMlwYmFgRWBF,I15,Some,51
R_3hruMlwYmFgRWBF,I16,Some,49
R_3hruMlwYmFgRWBF,I17,Some,100
R_3hruMlwYmFgRWBF,I18,Some,100
R_3k64jvt2ZDmfPLM,I1,No,65
R_3k64jvt2ZDmfPLM,I2,No,20
R_3k64jvt2ZDmfPLM,I3,No,35
R_3k64jvt2ZDmfPLM,I4,No,85
R_3k64jvt2ZDmfPLM,I5,No,75
R_3k64jvt2ZDmfPLM,I6,No,60
R_3k64jvt2ZDmfPLM,I7,Everyone,10
R_3k64jvt2ZDmfPLM,I8,Everyone,76
R_3k64jvt2ZDmfPLM,I9,Everyone,24
R_3k64jvt2ZDmfPLM,I10,Everyone,76
R_3k64jvt2ZDmfPLM,I11,Everyone,76
R_3k64jvt2ZDmfPLM,I12,Everyone,85
R_3k64jvt2ZDmfPLM,I13,Some,51
R_3k64jvt2ZDmfPLM,I14,Some,76
R_3k64jvt2ZDmfPLM,I15,Some,77
R_3k64jvt2ZDmfPLM,I16,Some,77
R_3k64jvt2ZDmfPLM,I17,Some,80
R_3k64jvt2ZDmfPLM,I18,Some,76
R_AzD0FzCiGy61uKJ,I1,No,60
R_AzD0FzCiGy61uKJ,I2,No,20
R_AzD0FzCiGy61uKJ,I3,No,77
R_AzD0FzCiGy61uKJ,I4,No,51
R_AzD0FzCiGy61uKJ,I5,No,76
R_AzD0FzCiGy61uKJ,I6,No,50
R_AzD0FzCiGy61uKJ,I7,Everyone,1
R_AzD0FzCiGy61uKJ,I8,Everyone,90
R_AzD0FzCiGy61uKJ,I9,Everyone,30
R_AzD0FzCiGy61uKJ,I10,Everyone,65
R_AzD0FzCiGy61uKJ,I11,Everyone,20
R_AzD0FzCiGy61uKJ,I12,Everyone,76
R_AzD0FzCiGy61uKJ,I13,Some,75
R_AzD0FzCiGy61uKJ,I14,Some,90
R_AzD0FzCiGy61uKJ,I15,Some,75
R_AzD0FzCiGy61uKJ,I16,Some,85
R_AzD0FzCiGy61uKJ,I17,Some,65
R_AzD0FzCiGy61uKJ,I18,Some,35
R_SVRCeXkyWA6VCtH,I1,No,100
R_SVRCeXkyWA6VCtH,I2,No,24
R_SVRCeXkyWA6VCtH,I3,No,25
R_SVRCeXkyWA6VCtH,I4,No,100
R_SVRCeXkyWA6VCtH,I5,No,49
R_SVRCeXkyWA6VCtH,I6,No,35
R_SVRCeXkyWA6VCtH,I7,Everyone,51
R_SVRCeXkyWA6VCtH,I8,Everyone,100
R_SVRCeXkyWA6VCtH,I9,Everyone,77
R_SVRCeXkyWA6VCtH,I10,Everyone,77
R_SVRCeXkyWA6VCtH,I11,Everyone,61
R_SVRCeXkyWA6VCtH,I12,Everyone,90
R_SVRCeXkyWA6VCtH,I13,Some,50
R_SVRCeXkyWA6VCtH,I14,Some,76
R_SVRCeXkyWA6VCtH,I15,Some,75
R_SVRCeXkyWA6VCtH,I16,Some,88
R_SVRCeXkyWA6VCtH,I17,Some,100
R_SVRCeXkyWA6VCtH,I18,Some,100
R_ePr4p1fzvHkw54R,I1,No,50
R_ePr4p1fzvHkw54R,I2,No,90
R_ePr4p1fzvHkw54R,I3,No,70
R_ePr4p1fzvHkw54R,I4,No,50
R_ePr4p1fzvHkw54R,I5,No,25
R_ePr4p1fzvHkw54R,I6,No,75
R_ePr4p1fzvHkw54R,I7,Everyone,20
R_ePr4p1fzvHkw54R,I8,Everyone,95
R_ePr4p1fzvHkw54R,I9,Everyone,40
R_ePr4p1fzvHkw54R,I10,Everyone,75
R_ePr4p1fzvHkw54R,I11,Everyone,30
R_ePr4p1fzvHkw54R,I12,Everyone,70
R_ePr4p1fzvHkw54R,I13,Some,90
R_ePr4p1fzvHkw54R,I14,Some,75
R_ePr4p1fzvHkw54R,I15,Some,80
R_ePr4p1fzvHkw54R,I16,Some,90
R_ePr4p1fzvHkw54R,I17,Some,60
R_ePr4p1fzvHkw54R,I18,Some,50
R_1KdNrf2hX8wyMsf,I1,No,65
R_1KdNrf2hX8wyMsf,I2,No,10
R_1KdNrf2hX8wyMsf,I3,No,95
R_1KdNrf2hX8wyMsf,I4,No,77
R_1KdNrf2hX8wyMsf,I5,No,50
R_1KdNrf2hX8wyMsf,I6,No,30
R_1KdNrf2hX8wyMsf,I7,Everyone,35
R_1KdNrf2hX8wyMsf,I8,Everyone,60
R_1KdNrf2hX8wyMsf,I9,Everyone,40
R_1KdNrf2hX8wyMsf,I10,Everyone,70
R_1KdNrf2hX8wyMsf,I11,Everyone,77
R_1KdNrf2hX8wyMsf,I12,Everyone,60
R_1KdNrf2hX8wyMsf,I13,Some,90
R_1KdNrf2hX8wyMsf,I14,Some,75
R_1KdNrf2hX8wyMsf,I15,Some,76
R_1KdNrf2hX8wyMsf,I16,Some,90
R_1KdNrf2hX8wyMsf,I17,Some,50
R_1KdNrf2hX8wyMsf,I18,Some,30
R_12a8kf48KxZ2lWK,I1,No,16
R_12a8kf48KxZ2lWK,I2,No,4
R_12a8kf48KxZ2lWK,I3,No,5
R_12a8kf48KxZ2lWK,I4,No,64
R_12a8kf48KxZ2lWK,I5,No,50
R_12a8kf48KxZ2lWK,I6,No,49
R_12a8kf48KxZ2lWK,I7,Everyone,6
R_12a8kf48KxZ2lWK,I8,Everyone,90
R_12a8kf48KxZ2lWK,I9,Everyone,15
R_12a8kf48KxZ2lWK,I10,Everyone,97
R_12a8kf48KxZ2lWK,I11,Everyone,80
R_12a8kf48KxZ2lWK,I12,Everyone,61
R_12a8kf48KxZ2lWK,I13,Some,58
R_12a8kf48KxZ2lWK,I14,Some,79
R_12a8kf48KxZ2lWK,I15,Some,100
R_12a8kf48KxZ2lWK,I16,Some,85
R_12a8kf48KxZ2lWK,I17,Some,90
R_12a8kf48KxZ2lWK,I18,Some,71
R_1eyPbKNRmOfszhb,I1,No,74
R_1eyPbKNRmOfszhb,I2,No,61
R_1eyPbKNRmOfszhb,I3,No,76
R_1eyPbKNRmOfszhb,I4,No,66
R_1eyPbKNRmOfszhb,I5,No,6
R_1eyPbKNRmOfszhb,I6,No,52
R_1eyPbKNRmOfszhb,I7,Everyone,62
R_1eyPbKNRmOfszhb,I8,Everyone,81
R_1eyPbKNRmOfszhb,I9,Everyone,87
R_1eyPbKNRmOfszhb,I10,Everyone,62
R_1eyPbKNRmOfszhb,I11,Everyone,76
R_1eyPbKNRmOfszhb,I12,Everyone,76
R_1eyPbKNRmOfszhb,I13,Some,100
R_1eyPbKNRmOfszhb,I14,Some,98
R_1eyPbKNRmOfszhb,I15,Some,76
R_1eyPbKNRmOfszhb,I16,Some,66
R_1eyPbKNRmOfszhb,I17,Some,87
R_1eyPbKNRmOfszhb,I18,Some,76
R_BRQmcPKBdQhJgC5,I1,No,44
R_BRQmcPKBdQhJgC5,I2,No,41
R_BRQmcPKBdQhJgC5,I3,No,46
R_BRQmcPKBdQhJgC5,I4,No,38
R_BRQmcPKBdQhJgC5,I5,No,42
R_BRQmcPKBdQhJgC5,I6,No,58
R_BRQmcPKBdQhJgC5,I7,Everyone,27
R_BRQmcPKBdQhJgC5,I8,Everyone,73
R_BRQmcPKBdQhJgC5,I9,Everyone,38
R_BRQmcPKBdQhJgC5,I10,Everyone,70
R_BRQmcPKBdQhJgC5,I11,Everyone,53
R_BRQmcPKBdQhJgC5,I12,Everyone,54
R_BRQmcPKBdQhJgC5,I13,Some,70
R_BRQmcPKBdQhJgC5,I14,Some,42
R_BRQmcPKBdQhJgC5,I15,Some,50
R_BRQmcPKBdQhJgC5,I16,Some,64
R_BRQmcPKBdQhJgC5,I17,Some,82
R_BRQmcPKBdQhJgC5,I18,Some,80
R_1Kq0gvAVQLzp9XE,I1,No,57
R_1Kq0gvAVQLzp9XE,I2,No,15
R_1Kq0gvAVQLzp9XE,I3,No,24
R_1Kq0gvAVQLzp9XE,I4,No,47
R_1Kq0gvAVQLzp9XE,I5,No,50
R_1Kq0gvAVQLzp9XE,I6,No,25
R_1Kq0gvAVQLzp9XE,I7,Everyone,25
R_1Kq0gvAVQLzp9XE,I8,Everyone,38
R_1Kq0gvAVQLzp9XE,I9,Everyone,6
R_1Kq0gvAVQLzp9XE,I10,Everyone,41
R_1Kq0gvAVQLzp9XE,I11,Everyone,27
R_1Kq0gvAVQLzp9XE,I12,Everyone,67
R_1Kq0gvAVQLzp9XE,I13,Some,7
R_1Kq0gvAVQLzp9XE,I14,Some,48
R_1Kq0gvAVQLzp9XE,I15,Some,25
R_1Kq0gvAVQLzp9XE,I16,Some,55
R_1Kq0gvAVQLzp9XE,I17,Some,24
R_1Kq0gvAVQLzp9XE,I18,Some,33
R_23Ww7KaAqgyezMp,I1,No,30
R_23Ww7KaAqgyezMp,I2,No,40
R_23Ww7KaAqgyezMp,I3,No,90
R_23Ww7KaAqgyezMp,I4,No,40
R_23Ww7KaAqgyezMp,I5,No,80
R_23Ww7KaAqgyezMp,I6,No,40
R_23Ww7KaAqgyezMp,I7,Everyone,15
R_23Ww7KaAqgyezMp,I8,Everyone,75
R_23Ww7KaAqgyezMp,I9,Everyone,30
R_23Ww7KaAqgyezMp,I10,Everyone,30
R_23Ww7KaAqgyezMp,I11,Everyone,30
R_23Ww7KaAqgyezMp,I12,Everyone,80
R_23Ww7KaAqgyezMp,I13,Some,70
R_23Ww7KaAqgyezMp,I14,Some,85
R_23Ww7KaAqgyezMp,I15,Some,55
R_23Ww7KaAqgyezMp,I16,Some,65
R_23Ww7KaAqgyezMp,I17,Some,15
R_23Ww7KaAqgyezMp,I18,Some,35
R_3qCMoQbpI9p2XC1,I1,No,50
R_3qCMoQbpI9p2XC1,I2,No,23
R_3qCMoQbpI9p2XC1,I3,No,61
R_3qCMoQbpI9p2XC1,I4,No,62
R_3qCMoQbpI9p2XC1,I5,No,50
R_3qCMoQbpI9p2XC1,I6,No,51
R_3qCMoQbpI9p2XC1,I7,Everyone,50
R_3qCMoQbpI9p2XC1,I8,Everyone,60
R_3qCMoQbpI9p2XC1,I9,Everyone,61
R_3qCMoQbpI9p2XC1,I10,Everyone,77
R_3qCMoQbpI9p2XC1,I11,Everyone,50
R_3qCMoQbpI9p2XC1,I12,Everyone,50
R_3qCMoQbpI9p2XC1,I13,Some,76
R_3qCMoQbpI9p2XC1,I14,Some,64
R_3qCMoQbpI9p2XC1,I15,Some,61
R_3qCMoQbpI9p2XC1,I16,Some,62
R_3qCMoQbpI9p2XC1,I17,Some,51
R_3qCMoQbpI9p2XC1,I18,Some,62
R_3IRIRRwXwrQaZxV,I1,No,30
R_3IRIRRwXwrQaZxV,I2,No,15
R_3IRIRRwXwrQaZxV,I3,No,20
R_3IRIRRwXwrQaZxV,I4,No,75
R_3IRIRRwXwrQaZxV,I5,No,10
R_3IRIRRwXwrQaZxV,I6,No,15
R_3IRIRRwXwrQaZxV,I7,Everyone,5
R_3IRIRRwXwrQaZxV,I8,Everyone,50
R_3IRIRRwXwrQaZxV,I9,Everyone,5
R_3IRIRRwXwrQaZxV,I10,Everyone,50
R_3IRIRRwXwrQaZxV,I11,Everyone,40
R_3IRIRRwXwrQaZxV,I12,Everyone,75
R_3IRIRRwXwrQaZxV,I13,Some,70
R_3IRIRRwXwrQaZxV,I14,Some,60
R_3IRIRRwXwrQaZxV,I15,Some,10
R_3IRIRRwXwrQaZxV,I16,Some,25
R_3IRIRRwXwrQaZxV,I17,Some,80
R_3IRIRRwXwrQaZxV,I18,Some,80
R_XuFvP0KIaC5HJRv,I1,No,68
R_XuFvP0KIaC5HJRv,I2,No,56
R_XuFvP0KIaC5HJRv,I3,No,58
R_XuFvP0KIaC5HJRv,I4,No,73
R_XuFvP0KIaC5HJRv,I5,No,37
R_XuFvP0KIaC5HJRv,I6,No,64
R_XuFvP0KIaC5HJRv,I7,Everyone,28
R_XuFvP0KIaC5HJRv,I8,Everyone,44
R_XuFvP0KIaC5HJRv,I9,Everyone,59
R_XuFvP0KIaC5HJRv,I10,Everyone,51
R_XuFvP0KIaC5HJRv,I11,Everyone,58
R_XuFvP0KIaC5HJRv,I12,Everyone,77
R_XuFvP0KIaC5HJRv,I13,Some,41
R_XuFvP0KIaC5HJRv,I14,Some,79
R_XuFvP0KIaC5HJRv,I15,Some,60
R_XuFvP0KIaC5HJRv,I16,Some,67
R_XuFvP0KIaC5HJRv,I17,Some,65
R_XuFvP0KIaC5HJRv,I18,Some,61